Date_Key,Date,Day,Day_Name,Week_Number,Month,Month_Name,Quarter,Year,Fiscal_Year,Fiscal_Quarter,Is_Weekend,Is_Month_Start,Day_Of_Year
20230101,2023-01-01,1,Sunday,52,1,January,1,2023,FY2023,Q1,Yes,Yes,1
20230102,2023-01-02,2,Monday,1,1,January,1,2023,FY2023,Q1,No,No,2
20230103,2023-01-03,3,Tuesday,1,1,January,1,2023,FY2023,Q1,No,No,3
20230104,2023-01-04,4,Wednesday,1,1,January,1,2023,FY2023,Q1,No,No,4
20230105,2023-01-05,5,Thursday,1,1,January,1,2023,FY2023,Q1,No,No,5
20230106,2023-01-06,6,Friday,1,1,January,1,2023,FY2023,Q1,No,No,6
20230107,2023-01-07,7,Saturday,1,1,January,1,2023,FY2023,Q1,Yes,No,7
20230108,2023-01-08,8,Sunday,1,1,January,1,2023,FY2023,Q1,Yes,No,8
20230109,2023-01-09,9,Monday,2,1,January,1,2023,FY2023,Q1,No,No,9
20230110,2023-01-10,10,Tuesday,2,1,January,1,2023,FY2023,Q1,No,No,10
20230111,2023-01-11,11,Wednesday,2,1,January,1,2023,FY2023,Q1,No,No,11
20230112,2023-01-12,12,Thursday,2,1,January,1,2023,FY2023,Q1,No,No,12
20230113,2023-01-13,13,Friday,2,1,January,1,2023,FY2023,Q1,No,No,13
20230114,2023-01-14,14,Saturday,2,1,January,1,2023,FY2023,Q1,Yes,No,14
20230115,2023-01-15,15,Sunday,2,1,January,1,2023,FY2023,Q1,Yes,No,15
20230116,2023-01-16,16,Monday,3,1,January,1,2023,FY2023,Q1,No,No,16
20230117,2023-01-17,17,Tuesday,3,1,January,1,2023,FY2023,Q1,No,No,17
20230118,2023-01-18,18,Wednesday,3,1,January,1,2023,FY2023,Q1,No,No,18
20230119,2023-01-19,19,Thursday,3,1,January,1,2023,FY2023,Q1,No,No,19
20230120,2023-01-20,20,Friday,3,1,January,1,2023,FY2023,Q1,No,No,20
20230121,2023-01-21,21,Saturday,3,1,January,1,2023,FY2023,Q1,Yes,No,21
20230122,2023-01-22,22,Sunday,3,1,January,1,2023,FY2023,Q1,Yes,No,22
20230123,2023-01-23,23,Monday,4,1,January,1,2023,FY2023,Q1,No,No,23
20230124,2023-01-24,24,Tuesday,4,1,January,1,2023,FY2023,Q1,No,No,24
20230125,2023-01-25,25,Wednesday,4,1,January,1,2023,FY2023,Q1,No,No,25
20230126,2023-01-26,26,Thursday,4,1,January,1,2023,FY2023,Q1,No,No,26
20230127,2023-01-27,27,Friday,4,1,January,1,2023,FY2023,Q1,No,No,27
20230128,2023-01-28,28,Saturday,4,1,January,1,2023,FY2023,Q1,Yes,No,28
20230129,2023-01-29,29,Sunday,4,1,January,1,2023,FY2023,Q1,Yes,No,29
20230130,2023-01-30,30,Monday,5,1,January,1,2023,FY2023,Q1,No,No,30
20230131,2023-01-31,31,Tuesday,5,1,January,1,2023,FY2023,Q1,No,No,31
20230201,2023-02-01,1,Wednesday,5,2,February,1,2023,FY2023,Q1,No,Yes,32
20230202,2023-02-02,2,Thursday,5,2,February,1,2023,FY2023,Q1,No,No,33
20230203,2023-02-03,3,Friday,5,2,February,1,2023,FY2023,Q1,No,No,34
20230204,2023-02-04,4,Saturday,5,2,February,1,2023,FY2023,Q1,Yes,No,35
20230205,2023-02-05,5,Sunday,5,2,February,1,2023,FY2023,Q1,Yes,No,36
20230206,2023-02-06,6,Monday,6,2,February,1,2023,FY2023,Q1,No,No,37
20230207,2023-02-07,7,Tuesday,6,2,February,1,2023,FY2023,Q1,No,No,38
20230208,2023-02-08,8,Wednesday,6,2,February,1,2023,FY2023,Q1,No,No,39
20230209,2023-02-09,9,Thursday,6,2,February,1,2023,FY2023,Q1,No,No,40
20230210,2023-02-10,10,Friday,6,2,February,1,2023,FY2023,Q1,No,No,41
20230211,2023-02-11,11,Saturday,6,2,February,1,2023,FY2023,Q1,Yes,No,42
20230212,2023-02-12,12,Sunday,6,2,February,1,2023,FY2023,Q1,Yes,No,43
20230213,2023-02-13,13,Monday,7,2,February,1,2023,FY2023,Q1,No,No,44
20230214,2023-02-14,14,Tuesday,7,2,February,1,2023,FY2023,Q1,No,No,45
20230215,2023-02-15,15,Wednesday,7,2,February,1,2023,FY2023,Q1,No,No,46
20230216,2023-02-16,16,Thursday,7,2,February,1,2023,FY2023,Q1,No,No,47
20230217,2023-02-17,17,Friday,7,2,February,1,2023,FY2023,Q1,No,No,48
20230218,2023-02-18,18,Saturday,7,2,February,1,2023,FY2023,Q1,Yes,No,49
20230219,2023-02-19,19,Sunday,7,2,February,1,2023,FY2023,Q1,Yes,No,50
20230220,2023-02-20,20,Monday,8,2,February,1,2023,FY2023,Q1,No,No,51
20230221,2023-02-21,21,Tuesday,8,2,February,1,2023,FY2023,Q1,No,No,52
20230222,2023-02-22,22,Wednesday,8,2,February,1,2023,FY2023,Q1,No,No,53
20230223,2023-02-23,23,Thursday,8,2,February,1,2023,FY2023,Q1,No,No,54
20230224,2023-02-24,24,Friday,8,2,February,1,2023,FY2023,Q1,No,No,55
20230225,2023-02-25,25,Saturday,8,2,February,1,2023,FY2023,Q1,Yes,No,56
20230226,2023-02-26,26,Sunday,8,2,February,1,2023,FY2023,Q1,Yes,No,57
20230227,2023-02-27,27,Monday,9,2,February,1,2023,FY2023,Q1,No,No,58
20230228,2023-02-28,28,Tuesday,9,2,February,1,2023,FY2023,Q1,No,No,59
20230301,2023-03-01,1,Wednesday,9,3,March,1,2023,FY2023,Q1,No,Yes,60
20230302,2023-03-02,2,Thursday,9,3,March,1,2023,FY2023,Q1,No,No,61
20230303,2023-03-03,3,Friday,9,3,March,1,2023,FY2023,Q1,No,No,62
20230304,2023-03-04,4,Saturday,9,3,March,1,2023,FY2023,Q1,Yes,No,63
20230305,2023-03-05,5,Sunday,9,3,March,1,2023,FY2023,Q1,Yes,No,64
20230306,2023-03-06,6,Monday,10,3,March,1,2023,FY2023,Q1,No,No,65
20230307,2023-03-07,7,Tuesday,10,3,March,1,2023,FY2023,Q1,No,No,66
20230308,2023-03-08,8,Wednesday,10,3,March,1,2023,FY2023,Q1,No,No,67
20230309,2023-03-09,9,Thursday,10,3,March,1,2023,FY2023,Q1,No,No,68
20230310,2023-03-10,10,Friday,10,3,March,1,2023,FY2023,Q1,No,No,69
20230311,2023-03-11,11,Saturday,10,3,March,1,2023,FY2023,Q1,Yes,No,70
20230312,2023-03-12,12,Sunday,10,3,March,1,2023,FY2023,Q1,Yes,No,71
20230313,2023-03-13,13,Monday,11,3,March,1,2023,FY2023,Q1,No,No,72
20230314,2023-03-14,14,Tuesday,11,3,March,1,2023,FY2023,Q1,No,No,73
20230315,2023-03-15,15,Wednesday,11,3,March,1,2023,FY2023,Q1,No,No,74
20230316,2023-03-16,16,Thursday,11,3,March,1,2023,FY2023,Q1,No,No,75
20230317,2023-03-17,17,Friday,11,3,March,1,2023,FY2023,Q1,No,No,76
20230318,2023-03-18,18,Saturday,11,3,March,1,2023,FY2023,Q1,Yes,No,77
20230319,2023-03-19,19,Sunday,11,3,March,1,2023,FY2023,Q1,Yes,No,78
20230320,2023-03-20,20,Monday,12,3,March,1,2023,FY2023,Q1,No,No,79
20230321,2023-03-21,21,Tuesday,12,3,March,1,2023,FY2023,Q1,No,No,80
20230322,2023-03-22,22,Wednesday,12,3,March,1,2023,FY2023,Q1,No,No,81
20230323,2023-03-23,23,Thursday,12,3,March,1,2023,FY2023,Q1,No,No,82
20230324,2023-03-24,24,Friday,12,3,March,1,2023,FY2023,Q1,No,No,83
20230325,2023-03-25,25,Saturday,12,3,March,1,2023,FY2023,Q1,Yes,No,84
20230326,2023-03-26,26,Sunday,12,3,March,1,2023,FY2023,Q1,Yes,No,85
20230327,2023-03-27,27,Monday,13,3,March,1,2023,FY2023,Q1,No,No,86
20230328,2023-03-28,28,Tuesday,13,3,March,1,2023,FY2023,Q1,No,No,87
20230329,2023-03-29,29,Wednesday,13,3,March,1,2023,FY2023,Q1,No,No,88
20230330,2023-03-30,30,Thursday,13,3,March,1,2023,FY2023,Q1,No,No,89
20230331,2023-03-31,31,Friday,13,3,March,1,2023,FY2023,Q1,No,No,90
20230401,2023-04-01,1,Saturday,13,4,April,2,2023,FY2023,Q2,Yes,Yes,91
20230402,2023-04-02,2,Sunday,13,4,April,2,2023,FY2023,Q2,Yes,No,92
20230403,2023-04-03,3,Monday,14,4,April,2,2023,FY2023,Q2,No,No,93
20230404,2023-04-04,4,Tuesday,14,4,April,2,2023,FY2023,Q2,No,No,94
20230405,2023-04-05,5,Wednesday,14,4,April,2,2023,FY2023,Q2,No,No,95
20230406,2023-04-06,6,Thursday,14,4,April,2,2023,FY2023,Q2,No,No,96
20230407,2023-04-07,7,Friday,14,4,April,2,2023,FY2023,Q2,No,No,97
20230408,2023-04-08,8,Saturday,14,4,April,2,2023,FY2023,Q2,Yes,No,98
20230409,2023-04-09,9,Sunday,14,4,April,2,2023,FY2023,Q2,Yes,No,99
20230410,2023-04-10,10,Monday,15,4,April,2,2023,FY2023,Q2,No,No,100
20230411,2023-04-11,11,Tuesday,15,4,April,2,2023,FY2023,Q2,No,No,101
20230412,2023-04-12,12,Wednesday,15,4,April,2,2023,FY2023,Q2,No,No,102
20230413,2023-04-13,13,Thursday,15,4,April,2,2023,FY2023,Q2,No,No,103
20230414,2023-04-14,14,Friday,15,4,April,2,2023,FY2023,Q2,No,No,104
20230415,2023-04-15,15,Saturday,15,4,April,2,2023,FY2023,Q2,Yes,No,105
20230416,2023-04-16,16,Sunday,15,4,April,2,2023,FY2023,Q2,Yes,No,106
20230417,2023-04-17,17,Monday,16,4,April,2,2023,FY2023,Q2,No,No,107
20230418,2023-04-18,18,Tuesday,16,4,April,2,2023,FY2023,Q2,No,No,108
20230419,2023-04-19,19,Wednesday,16,4,April,2,2023,FY2023,Q2,No,No,109
20230420,2023-04-20,20,Thursday,16,4,April,2,2023,FY2023,Q2,No,No,110
20230421,2023-04-21,21,Friday,16,4,April,2,2023,FY2023,Q2,No,No,111
20230422,2023-04-22,22,Saturday,16,4,April,2,2023,FY2023,Q2,Yes,No,112
20230423,2023-04-23,23,Sunday,16,4,April,2,2023,FY2023,Q2,Yes,No,113
20230424,2023-04-24,24,Monday,17,4,April,2,2023,FY2023,Q2,No,No,114
20230425,2023-04-25,25,Tuesday,17,4,April,2,2023,FY2023,Q2,No,No,115
20230426,2023-04-26,26,Wednesday,17,4,April,2,2023,FY2023,Q2,No,No,116
20230427,2023-04-27,27,Thursday,17,4,April,2,2023,FY2023,Q2,No,No,117
20230428,2023-04-28,28,Friday,17,4,April,2,2023,FY2023,Q2,No,No,118
20230429,2023-04-29,29,Saturday,17,4,April,2,2023,FY2023,Q2,Yes,No,119
20230430,2023-04-30,30,Sunday,17,4,April,2,2023,FY2023,Q2,Yes,No,120
20230501,2023-05-01,1,Monday,18,5,May,2,2023,FY2023,Q2,No,Yes,121
20230502,2023-05-02,2,Tuesday,18,5,May,2,2023,FY2023,Q2,No,No,122
20230503,2023-05-03,3,Wednesday,18,5,May,2,2023,FY2023,Q2,No,No,123
20230504,2023-05-04,4,Thursday,18,5,May,2,2023,FY2023,Q2,No,No,124
20230505,2023-05-05,5,Friday,18,5,May,2,2023,FY2023,Q2,No,No,125
20230506,2023-05-06,6,Saturday,18,5,May,2,2023,FY2023,Q2,Yes,No,126
20230507,2023-05-07,7,Sunday,18,5,May,2,2023,FY2023,Q2,Yes,No,127
20230508,2023-05-08,8,Monday,19,5,May,2,2023,FY2023,Q2,No,No,128
20230509,2023-05-09,9,Tuesday,19,5,May,2,2023,FY2023,Q2,No,No,129
20230510,2023-05-10,10,Wednesday,19,5,May,2,2023,FY2023,Q2,No,No,130
20230511,2023-05-11,11,Thursday,19,5,May,2,2023,FY2023,Q2,No,No,131
20230512,2023-05-12,12,Friday,19,5,May,2,2023,FY2023,Q2,No,No,132
20230513,2023-05-13,13,Saturday,19,5,May,2,2023,FY2023,Q2,Yes,No,133
20230514,2023-05-14,14,Sunday,19,5,May,2,2023,FY2023,Q2,Yes,No,134
20230515,2023-05-15,15,Monday,20,5,May,2,2023,FY2023,Q2,No,No,135
20230516,2023-05-16,16,Tuesday,20,5,May,2,2023,FY2023,Q2,No,No,136
20230517,2023-05-17,17,Wednesday,20,5,May,2,2023,FY2023,Q2,No,No,137
20230518,2023-05-18,18,Thursday,20,5,May,2,2023,FY2023,Q2,No,No,138
20230519,2023-05-19,19,Friday,20,5,May,2,2023,FY2023,Q2,No,No,139
20230520,2023-05-20,20,Saturday,20,5,May,2,2023,FY2023,Q2,Yes,No,140
20230521,2023-05-21,21,Sunday,20,5,May,2,2023,FY2023,Q2,Yes,No,141
20230522,2023-05-22,22,Monday,21,5,May,2,2023,FY2023,Q2,No,No,142
20230523,2023-05-23,23,Tuesday,21,5,May,2,2023,FY2023,Q2,No,No,143
20230524,2023-05-24,24,Wednesday,21,5,May,2,2023,FY2023,Q2,No,No,144
20230525,2023-05-25,25,Thursday,21,5,May,2,2023,FY2023,Q2,No,No,145
20230526,2023-05-26,26,Friday,21,5,May,2,2023,FY2023,Q2,No,No,146
20230527,2023-05-27,27,Saturday,21,5,May,2,2023,FY2023,Q2,Yes,No,147
20230528,2023-05-28,28,Sunday,21,5,May,2,2023,FY2023,Q2,Yes,No,148
20230529,2023-05-29,29,Monday,22,5,May,2,2023,FY2023,Q2,No,No,149
20230530,2023-05-30,30,Tuesday,22,5,May,2,2023,FY2023,Q2,No,No,150
20230531,2023-05-31,31,Wednesday,22,5,May,2,2023,FY2023,Q2,No,No,151
20230601,2023-06-01,1,Thursday,22,6,June,2,2023,FY2023,Q2,No,Yes,152
20230602,2023-06-02,2,Friday,22,6,June,2,2023,FY2023,Q2,No,No,153
20230603,2023-06-03,3,Saturday,22,6,June,2,2023,FY2023,Q2,Yes,No,154
20230604,2023-06-04,4,Sunday,22,6,June,2,2023,FY2023,Q2,Yes,No,155
20230605,2023-06-05,5,Monday,23,6,June,2,2023,FY2023,Q2,No,No,156
20230606,2023-06-06,6,Tuesday,23,6,June,2,2023,FY2023,Q2,No,No,157
20230607,2023-06-07,7,Wednesday,23,6,June,2,2023,FY2023,Q2,No,No,158
20230608,2023-06-08,8,Thursday,23,6,June,2,2023,FY2023,Q2,No,No,159
20230609,2023-06-09,9,Friday,23,6,June,2,2023,FY2023,Q2,No,No,160
20230610,2023-06-10,10,Saturday,23,6,June,2,2023,FY2023,Q2,Yes,No,161
20230611,2023-06-11,11,Sunday,23,6,June,2,2023,FY2023,Q2,Yes,No,162
20230612,2023-06-12,12,Monday,24,6,June,2,2023,FY2023,Q2,No,No,163
20230613,2023-06-13,13,Tuesday,24,6,June,2,2023,FY2023,Q2,No,No,164
20230614,2023-06-14,14,Wednesday,24,6,June,2,2023,FY2023,Q2,No,No,165
20230615,2023-06-15,15,Thursday,24,6,June,2,2023,FY2023,Q2,No,No,166
20230616,2023-06-16,16,Friday,24,6,June,2,2023,FY2023,Q2,No,No,167
20230617,2023-06-17,17,Saturday,24,6,June,2,2023,FY2023,Q2,Yes,No,168
20230618,2023-06-18,18,Sunday,24,6,June,2,2023,FY2023,Q2,Yes,No,169
20230619,2023-06-19,19,Monday,25,6,June,2,2023,FY2023,Q2,No,No,170
20230620,2023-06-20,20,Tuesday,25,6,June,2,2023,FY2023,Q2,No,No,171
20230621,2023-06-21,21,Wednesday,25,6,June,2,2023,FY2023,Q2,No,No,172
20230622,2023-06-22,22,Thursday,25,6,June,2,2023,FY2023,Q2,No,No,173
20230623,2023-06-23,23,Friday,25,6,June,2,2023,FY2023,Q2,No,No,174
20230624,2023-06-24,24,Saturday,25,6,June,2,2023,FY2023,Q2,Yes,No,175
20230625,2023-06-25,25,Sunday,25,6,June,2,2023,FY2023,Q2,Yes,No,176
20230626,2023-06-26,26,Monday,26,6,June,2,2023,FY2023,Q2,No,No,177
20230627,2023-06-27,27,Tuesday,26,6,June,2,2023,FY2023,Q2,No,No,178
20230628,2023-06-28,28,Wednesday,26,6,June,2,2023,FY2023,Q2,No,No,179
20230629,2023-06-29,29,Thursday,26,6,June,2,2023,FY2023,Q2,No,No,180
20230630,2023-06-30,30,Friday,26,6,June,2,2023,FY2023,Q2,No,No,181
20230701,2023-07-01,1,Saturday,26,7,July,3,2023,FY2023,Q3,Yes,Yes,182
20230702,2023-07-02,2,Sunday,26,7,July,3,2023,FY2023,Q3,Yes,No,183
20230703,2023-07-03,3,Monday,27,7,July,3,2023,FY2023,Q3,No,No,184
20230704,2023-07-04,4,Tuesday,27,7,July,3,2023,FY2023,Q3,No,No,185
20230705,2023-07-05,5,Wednesday,27,7,July,3,2023,FY2023,Q3,No,No,186
20230706,2023-07-06,6,Thursday,27,7,July,3,2023,FY2023,Q3,No,No,187
20230707,2023-07-07,7,Friday,27,7,July,3,2023,FY2023,Q3,No,No,188
20230708,2023-07-08,8,Saturday,27,7,July,3,2023,FY2023,Q3,Yes,No,189
20230709,2023-07-09,9,Sunday,27,7,July,3,2023,FY2023,Q3,Yes,No,190
20230710,2023-07-10,10,Monday,28,7,July,3,2023,FY2023,Q3,No,No,191
20230711,2023-07-11,11,Tuesday,28,7,July,3,2023,FY2023,Q3,No,No,192
20230712,2023-07-12,12,Wednesday,28,7,July,3,2023,FY2023,Q3,No,No,193
20230713,2023-07-13,13,Thursday,28,7,July,3,2023,FY2023,Q3,No,No,194
20230714,2023-07-14,14,Friday,28,7,July,3,2023,FY2023,Q3,No,No,195
20230715,2023-07-15,15,Saturday,28,7,July,3,2023,FY2023,Q3,Yes,No,196
20230716,2023-07-16,16,Sunday,28,7,July,3,2023,FY2023,Q3,Yes,No,197
20230717,2023-07-17,17,Monday,29,7,July,3,2023,FY2023,Q3,No,No,198
20230718,2023-07-18,18,Tuesday,29,7,July,3,2023,FY2023,Q3,No,No,199
20230719,2023-07-19,19,Wednesday,29,7,July,3,2023,FY2023,Q3,No,No,200
20230720,2023-07-20,20,Thursday,29,7,July,3,2023,FY2023,Q3,No,No,201
20230721,2023-07-21,21,Friday,29,7,July,3,2023,FY2023,Q3,No,No,202
20230722,2023-07-22,22,Saturday,29,7,July,3,2023,FY2023,Q3,Yes,No,203
20230723,2023-07-23,23,Sunday,29,7,July,3,2023,FY2023,Q3,Yes,No,204
20230724,2023-07-24,24,Monday,30,7,July,3,2023,FY2023,Q3,No,No,205
20230725,2023-07-25,25,Tuesday,30,7,July,3,2023,FY2023,Q3,No,No,206
20230726,2023-07-26,26,Wednesday,30,7,July,3,2023,FY2023,Q3,No,No,207
20230727,2023-07-27,27,Thursday,30,7,July,3,2023,FY2023,Q3,No,No,208
20230728,2023-07-28,28,Friday,30,7,July,3,2023,FY2023,Q3,No,No,209
20230729,2023-07-29,29,Saturday,30,7,July,3,2023,FY2023,Q3,Yes,No,210
20230730,2023-07-30,30,Sunday,30,7,July,3,2023,FY2023,Q3,Yes,No,211
20230731,2023-07-31,31,Monday,31,7,July,3,2023,FY2023,Q3,No,No,212
20230801,2023-08-01,1,Tuesday,31,8,August,3,2023,FY2023,Q3,No,Yes,213
20230802,2023-08-02,2,Wednesday,31,8,August,3,2023,FY2023,Q3,No,No,214
20230803,2023-08-03,3,Thursday,31,8,August,3,2023,FY2023,Q3,No,No,215
20230804,2023-08-04,4,Friday,31,8,August,3,2023,FY2023,Q3,No,No,216
20230805,2023-08-05,5,Saturday,31,8,August,3,2023,FY2023,Q3,Yes,No,217
20230806,2023-08-06,6,Sunday,31,8,August,3,2023,FY2023,Q3,Yes,No,218
20230807,2023-08-07,7,Monday,32,8,August,3,2023,FY2023,Q3,No,No,219
20230808,2023-08-08,8,Tuesday,32,8,August,3,2023,FY2023,Q3,No,No,220
20230809,2023-08-09,9,Wednesday,32,8,August,3,2023,FY2023,Q3,No,No,221
20230810,2023-08-10,10,Thursday,32,8,August,3,2023,FY2023,Q3,No,No,222
20230811,2023-08-11,11,Friday,32,8,August,3,2023,FY2023,Q3,No,No,223
20230812,2023-08-12,12,Saturday,32,8,August,3,2023,FY2023,Q3,Yes,No,224
20230813,2023-08-13,13,Sunday,32,8,August,3,2023,FY2023,Q3,Yes,No,225
20230814,2023-08-14,14,Monday,33,8,August,3,2023,FY2023,Q3,No,No,226
20230815,2023-08-15,15,Tuesday,33,8,August,3,2023,FY2023,Q3,No,No,227
20230816,2023-08-16,16,Wednesday,33,8,August,3,2023,FY2023,Q3,No,No,228
20230817,2023-08-17,17,Thursday,33,8,August,3,2023,FY2023,Q3,No,No,229
20230818,2023-08-18,18,Friday,33,8,August,3,2023,FY2023,Q3,No,No,230
20230819,2023-08-19,19,Saturday,33,8,August,3,2023,FY2023,Q3,Yes,No,231
20230820,2023-08-20,20,Sunday,33,8,August,3,2023,FY2023,Q3,Yes,No,232
20230821,2023-08-21,21,Monday,34,8,August,3,2023,FY2023,Q3,No,No,233
20230822,2023-08-22,22,Tuesday,34,8,August,3,2023,FY2023,Q3,No,No,234
20230823,2023-08-23,23,Wednesday,34,8,August,3,2023,FY2023,Q3,No,No,235
20230824,2023-08-24,24,Thursday,34,8,August,3,2023,FY2023,Q3,No,No,236
20230825,2023-08-25,25,Friday,34,8,August,3,2023,FY2023,Q3,No,No,237
20230826,2023-08-26,26,Saturday,34,8,August,3,2023,FY2023,Q3,Yes,No,238
20230827,2023-08-27,27,Sunday,34,8,August,3,2023,FY2023,Q3,Yes,No,239
20230828,2023-08-28,28,Monday,35,8,August,3,2023,FY2023,Q3,No,No,240
20230829,2023-08-29,29,Tuesday,35,8,August,3,2023,FY2023,Q3,No,No,241
20230830,2023-08-30,30,Wednesday,35,8,August,3,2023,FY2023,Q3,No,No,242
20230831,2023-08-31,31,Thursday,35,8,August,3,2023,FY2023,Q3,No,No,243
20230901,2023-09-01,1,Friday,35,9,September,3,2023,FY2023,Q3,No,Yes,244
20230902,2023-09-02,2,Saturday,35,9,September,3,2023,FY2023,Q3,Yes,No,245
20230903,2023-09-03,3,Sunday,35,9,September,3,2023,FY2023,Q3,Yes,No,246
20230904,2023-09-04,4,Monday,36,9,September,3,2023,FY2023,Q3,No,No,247
20230905,2023-09-05,5,Tuesday,36,9,September,3,2023,FY2023,Q3,No,No,248
20230906,2023-09-06,6,Wednesday,36,9,September,3,2023,FY2023,Q3,No,No,249
20230907,2023-09-07,7,Thursday,36,9,September,3,2023,FY2023,Q3,No,No,250
20230908,2023-09-08,8,Friday,36,9,September,3,2023,FY2023,Q3,No,No,251
20230909,2023-09-09,9,Saturday,36,9,September,3,2023,FY2023,Q3,Yes,No,252
20230910,2023-09-10,10,Sunday,36,9,September,3,2023,FY2023,Q3,Yes,No,253
20230911,2023-09-11,11,Monday,37,9,September,3,2023,FY2023,Q3,No,No,254
20230912,2023-09-12,12,Tuesday,37,9,September,3,2023,FY2023,Q3,No,No,255
20230913,2023-09-13,13,Wednesday,37,9,September,3,2023,FY2023,Q3,No,No,256
20230914,2023-09-14,14,Thursday,37,9,September,3,2023,FY2023,Q3,No,No,257
20230915,2023-09-15,15,Friday,37,9,September,3,2023,FY2023,Q3,No,No,258
20230916,2023-09-16,16,Saturday,37,9,September,3,2023,FY2023,Q3,Yes,No,259
20230917,2023-09-17,17,Sunday,37,9,September,3,2023,FY2023,Q3,Yes,No,260
20230918,2023-09-18,18,Monday,38,9,September,3,2023,FY2023,Q3,No,No,261
20230919,2023-09-19,19,Tuesday,38,9,September,3,2023,FY2023,Q3,No,No,262
20230920,2023-09-20,20,Wednesday,38,9,September,3,2023,FY2023,Q3,No,No,263
20230921,2023-09-21,21,Thursday,38,9,September,3,2023,FY2023,Q3,No,No,264
20230922,2023-09-22,22,Friday,38,9,September,3,2023,FY2023,Q3,No,No,265
20230923,2023-09-23,23,Saturday,38,9,September,3,2023,FY2023,Q3,Yes,No,266
20230924,2023-09-24,24,Sunday,38,9,September,3,2023,FY2023,Q3,Yes,No,267
20230925,2023-09-25,25,Monday,39,9,September,3,2023,FY2023,Q3,No,No,268
20230926,2023-09-26,26,Tuesday,39,9,September,3,2023,FY2023,Q3,No,No,269
20230927,2023-09-27,27,Wednesday,39,9,September,3,2023,FY2023,Q3,No,No,270
20230928,2023-09-28,28,Thursday,39,9,September,3,2023,FY2023,Q3,No,No,271
20230929,2023-09-29,29,Friday,39,9,September,3,2023,FY2023,Q3,No,No,272
20230930,2023-09-30,30,Saturday,39,9,September,3,2023,FY2023,Q3,Yes,No,273
20231001,2023-10-01,1,Sunday,39,10,October,4,2023,FY2023,Q4,Yes,Yes,274
20231002,2023-10-02,2,Monday,40,10,October,4,2023,FY2023,Q4,No,No,275
20231003,2023-10-03,3,Tuesday,40,10,October,4,2023,FY2023,Q4,No,No,276
20231004,2023-10-04,4,Wednesday,40,10,October,4,2023,FY2023,Q4,No,No,277
20231005,2023-10-05,5,Thursday,40,10,October,4,2023,FY2023,Q4,No,No,278
20231006,2023-10-06,6,Friday,40,10,October,4,2023,FY2023,Q4,No,No,279
20231007,2023-10-07,7,Saturday,40,10,October,4,2023,FY2023,Q4,Yes,No,280
20231008,2023-10-08,8,Sunday,40,10,October,4,2023,FY2023,Q4,Yes,No,281
20231009,2023-10-09,9,Monday,41,10,October,4,2023,FY2023,Q4,No,No,282
20231010,2023-10-10,10,Tuesday,41,10,October,4,2023,FY2023,Q4,No,No,283
20231011,2023-10-11,11,Wednesday,41,10,October,4,2023,FY2023,Q4,No,No,284
20231012,2023-10-12,12,Thursday,41,10,October,4,2023,FY2023,Q4,No,No,285
20231013,2023-10-13,13,Friday,41,10,October,4,2023,FY2023,Q4,No,No,286
20231014,2023-10-14,14,Saturday,41,10,October,4,2023,FY2023,Q4,Yes,No,287
20231015,2023-10-15,15,Sunday,41,10,October,4,2023,FY2023,Q4,Yes,No,288
20231016,2023-10-16,16,Monday,42,10,October,4,2023,FY2023,Q4,No,No,289
20231017,2023-10-17,17,Tuesday,42,10,October,4,2023,FY2023,Q4,No,No,290
20231018,2023-10-18,18,Wednesday,42,10,October,4,2023,FY2023,Q4,No,No,291
20231019,2023-10-19,19,Thursday,42,10,October,4,2023,FY2023,Q4,No,No,292
20231020,2023-10-20,20,Friday,42,10,October,4,2023,FY2023,Q4,No,No,293
20231021,2023-10-21,21,Saturday,42,10,October,4,2023,FY2023,Q4,Yes,No,294
20231022,2023-10-22,22,Sunday,42,10,October,4,2023,FY2023,Q4,Yes,No,295
20231023,2023-10-23,23,Monday,43,10,October,4,2023,FY2023,Q4,No,No,296
20231024,2023-10-24,24,Tuesday,43,10,October,4,2023,FY2023,Q4,No,No,297
20231025,2023-10-25,25,Wednesday,43,10,October,4,2023,FY2023,Q4,No,No,298
20231026,2023-10-26,26,Thursday,43,10,October,4,2023,FY2023,Q4,No,No,299
20231027,2023-10-27,27,Friday,43,10,October,4,2023,FY2023,Q4,No,No,300
20231028,2023-10-28,28,Saturday,43,10,October,4,2023,FY2023,Q4,Yes,No,301
20231029,2023-10-29,29,Sunday,43,10,October,4,2023,FY2023,Q4,Yes,No,302
20231030,2023-10-30,30,Monday,44,10,October,4,2023,FY2023,Q4,No,No,303
20231031,2023-10-31,31,Tuesday,44,10,October,4,2023,FY2023,Q4,No,No,304
20231101,2023-11-01,1,Wednesday,44,11,November,4,2023,FY2023,Q4,No,Yes,305
20231102,2023-11-02,2,Thursday,44,11,November,4,2023,FY2023,Q4,No,No,306
20231103,2023-11-03,3,Friday,44,11,November,4,2023,FY2023,Q4,No,No,307
20231104,2023-11-04,4,Saturday,44,11,November,4,2023,FY2023,Q4,Yes,No,308
20231105,2023-11-05,5,Sunday,44,11,November,4,2023,FY2023,Q4,Yes,No,309
20231106,2023-11-06,6,Monday,45,11,November,4,2023,FY2023,Q4,No,No,310
20231107,2023-11-07,7,Tuesday,45,11,November,4,2023,FY2023,Q4,No,No,311
20231108,2023-11-08,8,Wednesday,45,11,November,4,2023,FY2023,Q4,No,No,312
20231109,2023-11-09,9,Thursday,45,11,November,4,2023,FY2023,Q4,No,No,313
20231110,2023-11-10,10,Friday,45,11,November,4,2023,FY2023,Q4,No,No,314
20231111,2023-11-11,11,Saturday,45,11,November,4,2023,FY2023,Q4,Yes,No,315
20231112,2023-11-12,12,Sunday,45,11,November,4,2023,FY2023,Q4,Yes,No,316
20231113,2023-11-13,13,Monday,46,11,November,4,2023,FY2023,Q4,No,No,317
20231114,2023-11-14,14,Tuesday,46,11,November,4,2023,FY2023,Q4,No,No,318
20231115,2023-11-15,15,Wednesday,46,11,November,4,2023,FY2023,Q4,No,No,319
20231116,2023-11-16,16,Thursday,46,11,November,4,2023,FY2023,Q4,No,No,320
20231117,2023-11-17,17,Friday,46,11,November,4,2023,FY2023,Q4,No,No,321
20231118,2023-11-18,18,Saturday,46,11,November,4,2023,FY2023,Q4,Yes,No,322
20231119,2023-11-19,19,Sunday,46,11,November,4,2023,FY2023,Q4,Yes,No,323
20231120,2023-11-20,20,Monday,47,11,November,4,2023,FY2023,Q4,No,No,324
20231121,2023-11-21,21,Tuesday,47,11,November,4,2023,FY2023,Q4,No,No,325
20231122,2023-11-22,22,Wednesday,47,11,November,4,2023,FY2023,Q4,No,No,326
20231123,2023-11-23,23,Thursday,47,11,November,4,2023,FY2023,Q4,No,No,327
20231124,2023-11-24,24,Friday,47,11,November,4,2023,FY2023,Q4,No,No,328
20231125,2023-11-25,25,Saturday,47,11,November,4,2023,FY2023,Q4,Yes,No,329
20231126,2023-11-26,26,Sunday,47,11,November,4,2023,FY2023,Q4,Yes,No,330
20231127,2023-11-27,27,Monday,48,11,November,4,2023,FY2023,Q4,No,No,331
20231128,2023-11-28,28,Tuesday,48,11,November,4,2023,FY2023,Q4,No,No,332
20231129,2023-11-29,29,Wednesday,48,11,November,4,2023,FY2023,Q4,No,No,333
20231130,2023-11-30,30,Thursday,48,11,November,4,2023,FY2023,Q4,No,No,334
20231201,2023-12-01,1,Friday,48,12,December,4,2023,FY2023,Q4,No,Yes,335
20231202,2023-12-02,2,Saturday,48,12,December,4,2023,FY2023,Q4,Yes,No,336
20231203,2023-12-03,3,Sunday,48,12,December,4,2023,FY2023,Q4,Yes,No,337
20231204,2023-12-04,4,Monday,49,12,December,4,2023,FY2023,Q4,No,No,338
20231205,2023-12-05,5,Tuesday,49,12,December,4,2023,FY2023,Q4,No,No,339
20231206,2023-12-06,6,Wednesday,49,12,December,4,2023,FY2023,Q4,No,No,340
20231207,2023-12-07,7,Thursday,49,12,December,4,2023,FY2023,Q4,No,No,341
20231208,2023-12-08,8,Friday,49,12,December,4,2023,FY2023,Q4,No,No,342
20231209,2023-12-09,9,Saturday,49,12,December,4,2023,FY2023,Q4,Yes,No,343
20231210,2023-12-10,10,Sunday,49,12,December,4,2023,FY2023,Q4,Yes,No,344
20231211,2023-12-11,11,Monday,50,12,December,4,2023,FY2023,Q4,No,No,345
20231212,2023-12-12,12,Tuesday,50,12,December,4,2023,FY2023,Q4,No,No,346
20231213,2023-12-13,13,Wednesday,50,12,December,4,2023,FY2023,Q4,No,No,347
20231214,2023-12-14,14,Thursday,50,12,December,4,2023,FY2023,Q4,No,No,348
20231215,2023-12-15,15,Friday,50,12,December,4,2023,FY2023,Q4,No,No,349
20231216,2023-12-16,16,Saturday,50,12,December,4,2023,FY2023,Q4,Yes,No,350
20231217,2023-12-17,17,Sunday,50,12,December,4,2023,FY2023,Q4,Yes,No,351
20231218,2023-12-18,18,Monday,51,12,December,4,2023,FY2023,Q4,No,No,352
20231219,2023-12-19,19,Tuesday,51,12,December,4,2023,FY2023,Q4,No,No,353
20231220,2023-12-20,20,Wednesday,51,12,December,4,2023,FY2023,Q4,No,No,354
20231221,2023-12-21,21,Thursday,51,12,December,4,2023,FY2023,Q4,No,No,355
20231222,2023-12-22,22,Friday,51,12,December,4,2023,FY2023,Q4,No,No,356
20231223,2023-12-23,23,Saturday,51,12,December,4,2023,FY2023,Q4,Yes,No,357
20231224,2023-12-24,24,Sunday,51,12,December,4,2023,FY2023,Q4,Yes,No,358
20231225,2023-12-25,25,Monday,52,12,December,4,2023,FY2023,Q4,No,No,359
20231226,2023-12-26,26,Tuesday,52,12,December,4,2023,FY2023,Q4,No,No,360
20231227,2023-12-27,27,Wednesday,52,12,December,4,2023,FY2023,Q4,No,No,361
20231228,2023-12-28,28,Thursday,52,12,December,4,2023,FY2023,Q4,No,No,362
20231229,2023-12-29,29,Friday,52,12,December,4,2023,FY2023,Q4,No,No,363
20231230,2023-12-30,30,Saturday,52,12,December,4,2023,FY2023,Q4,Yes,No,364
20231231,2023-12-31,31,Sunday,52,12,December,4,2023,FY2023,Q4,Yes,No,365
20240101,2024-01-01,1,Monday,1,1,January,1,2024,FY2024,Q1,No,Yes,1
20240102,2024-01-02,2,Tuesday,1,1,January,1,2024,FY2024,Q1,No,No,2
20240103,2024-01-03,3,Wednesday,1,1,January,1,2024,FY2024,Q1,No,No,3
20240104,2024-01-04,4,Thursday,1,1,January,1,2024,FY2024,Q1,No,No,4
20240105,2024-01-05,5,Friday,1,1,January,1,2024,FY2024,Q1,No,No,5
20240106,2024-01-06,6,Saturday,1,1,January,1,2024,FY2024,Q1,Yes,No,6
20240107,2024-01-07,7,Sunday,1,1,January,1,2024,FY2024,Q1,Yes,No,7
20240108,2024-01-08,8,Monday,2,1,January,1,2024,FY2024,Q1,No,No,8
20240109,2024-01-09,9,Tuesday,2,1,January,1,2024,FY2024,Q1,No,No,9
20240110,2024-01-10,10,Wednesday,2,1,January,1,2024,FY2024,Q1,No,No,10
20240111,2024-01-11,11,Thursday,2,1,January,1,2024,FY2024,Q1,No,No,11
20240112,2024-01-12,12,Friday,2,1,January,1,2024,FY2024,Q1,No,No,12
20240113,2024-01-13,13,Saturday,2,1,January,1,2024,FY2024,Q1,Yes,No,13
20240114,2024-01-14,14,Sunday,2,1,January,1,2024,FY2024,Q1,Yes,No,14
20240115,2024-01-15,15,Monday,3,1,January,1,2024,FY2024,Q1,No,No,15
20240116,2024-01-16,16,Tuesday,3,1,January,1,2024,FY2024,Q1,No,No,16
20240117,2024-01-17,17,Wednesday,3,1,January,1,2024,FY2024,Q1,No,No,17
20240118,2024-01-18,18,Thursday,3,1,January,1,2024,FY2024,Q1,No,No,18
20240119,2024-01-19,19,Friday,3,1,January,1,2024,FY2024,Q1,No,No,19
20240120,2024-01-20,20,Saturday,3,1,January,1,2024,FY2024,Q1,Yes,No,20
20240121,2024-01-21,21,Sunday,3,1,January,1,2024,FY2024,Q1,Yes,No,21
20240122,2024-01-22,22,Monday,4,1,January,1,2024,FY2024,Q1,No,No,22
20240123,2024-01-23,23,Tuesday,4,1,January,1,2024,FY2024,Q1,No,No,23
20240124,2024-01-24,24,Wednesday,4,1,January,1,2024,FY2024,Q1,No,No,24
20240125,2024-01-25,25,Thursday,4,1,January,1,2024,FY2024,Q1,No,No,25
20240126,2024-01-26,26,Friday,4,1,January,1,2024,FY2024,Q1,No,No,26
20240127,2024-01-27,27,Saturday,4,1,January,1,2024,FY2024,Q1,Yes,No,27
20240128,2024-01-28,28,Sunday,4,1,January,1,2024,FY2024,Q1,Yes,No,28
20240129,2024-01-29,29,Monday,5,1,January,1,2024,FY2024,Q1,No,No,29
20240130,2024-01-30,30,Tuesday,5,1,January,1,2024,FY2024,Q1,No,No,30
20240131,2024-01-31,31,Wednesday,5,1,January,1,2024,FY2024,Q1,No,No,31
20240201,2024-02-01,1,Thursday,5,2,February,1,2024,FY2024,Q1,No,Yes,32
20240202,2024-02-02,2,Friday,5,2,February,1,2024,FY2024,Q1,No,No,33
20240203,2024-02-03,3,Saturday,5,2,February,1,2024,FY2024,Q1,Yes,No,34
20240204,2024-02-04,4,Sunday,5,2,February,1,2024,FY2024,Q1,Yes,No,35
20240205,2024-02-05,5,Monday,6,2,February,1,2024,FY2024,Q1,No,No,36
20240206,2024-02-06,6,Tuesday,6,2,February,1,2024,FY2024,Q1,No,No,37
20240207,2024-02-07,7,Wednesday,6,2,February,1,2024,FY2024,Q1,No,No,38
20240208,2024-02-08,8,Thursday,6,2,February,1,2024,FY2024,Q1,No,No,39
20240209,2024-02-09,9,Friday,6,2,February,1,2024,FY2024,Q1,No,No,40
20240210,2024-02-10,10,Saturday,6,2,February,1,2024,FY2024,Q1,Yes,No,41
20240211,2024-02-11,11,Sunday,6,2,February,1,2024,FY2024,Q1,Yes,No,42
20240212,2024-02-12,12,Monday,7,2,February,1,2024,FY2024,Q1,No,No,43
20240213,2024-02-13,13,Tuesday,7,2,February,1,2024,FY2024,Q1,No,No,44
20240214,2024-02-14,14,Wednesday,7,2,February,1,2024,FY2024,Q1,No,No,45
20240215,2024-02-15,15,Thursday,7,2,February,1,2024,FY2024,Q1,No,No,46
20240216,2024-02-16,16,Friday,7,2,February,1,2024,FY2024,Q1,No,No,47
20240217,2024-02-17,17,Saturday,7,2,February,1,2024,FY2024,Q1,Yes,No,48
20240218,2024-02-18,18,Sunday,7,2,February,1,2024,FY2024,Q1,Yes,No,49
20240219,2024-02-19,19,Monday,8,2,February,1,2024,FY2024,Q1,No,No,50
20240220,2024-02-20,20,Tuesday,8,2,February,1,2024,FY2024,Q1,No,No,51
20240221,2024-02-21,21,Wednesday,8,2,February,1,2024,FY2024,Q1,No,No,52
20240222,2024-02-22,22,Thursday,8,2,February,1,2024,FY2024,Q1,No,No,53
20240223,2024-02-23,23,Friday,8,2,February,1,2024,FY2024,Q1,No,No,54
20240224,2024-02-24,24,Saturday,8,2,February,1,2024,FY2024,Q1,Yes,No,55
20240225,2024-02-25,25,Sunday,8,2,February,1,2024,FY2024,Q1,Yes,No,56
20240226,2024-02-26,26,Monday,9,2,February,1,2024,FY2024,Q1,No,No,57
20240227,2024-02-27,27,Tuesday,9,2,February,1,2024,FY2024,Q1,No,No,58
20240228,2024-02-28,28,Wednesday,9,2,February,1,2024,FY2024,Q1,No,No,59
20240229,2024-02-29,29,Thursday,9,2,February,1,2024,FY2024,Q1,No,No,60
20240301,2024-03-01,1,Friday,9,3,March,1,2024,FY2024,Q1,No,Yes,61
20240302,2024-03-02,2,Saturday,9,3,March,1,2024,FY2024,Q1,Yes,No,62
20240303,2024-03-03,3,Sunday,9,3,March,1,2024,FY2024,Q1,Yes,No,63
20240304,2024-03-04,4,Monday,10,3,March,1,2024,FY2024,Q1,No,No,64
20240305,2024-03-05,5,Tuesday,10,3,March,1,2024,FY2024,Q1,No,No,65
20240306,2024-03-06,6,Wednesday,10,3,March,1,2024,FY2024,Q1,No,No,66
20240307,2024-03-07,7,Thursday,10,3,March,1,2024,FY2024,Q1,No,No,67
20240308,2024-03-08,8,Friday,10,3,March,1,2024,FY2024,Q1,No,No,68
20240309,2024-03-09,9,Saturday,10,3,March,1,2024,FY2024,Q1,Yes,No,69
20240310,2024-03-10,10,Sunday,10,3,March,1,2024,FY2024,Q1,Yes,No,70
20240311,2024-03-11,11,Monday,11,3,March,1,2024,FY2024,Q1,No,No,71
20240312,2024-03-12,12,Tuesday,11,3,March,1,2024,FY2024,Q1,No,No,72
20240313,2024-03-13,13,Wednesday,11,3,March,1,2024,FY2024,Q1,No,No,73
20240314,2024-03-14,14,Thursday,11,3,March,1,2024,FY2024,Q1,No,No,74
20240315,2024-03-15,15,Friday,11,3,March,1,2024,FY2024,Q1,No,No,75
20240316,2024-03-16,16,Saturday,11,3,March,1,2024,FY2024,Q1,Yes,No,76
20240317,2024-03-17,17,Sunday,11,3,March,1,2024,FY2024,Q1,Yes,No,77
20240318,2024-03-18,18,Monday,12,3,March,1,2024,FY2024,Q1,No,No,78
20240319,2024-03-19,19,Tuesday,12,3,March,1,2024,FY2024,Q1,No,No,79
20240320,2024-03-20,20,Wednesday,12,3,March,1,2024,FY2024,Q1,No,No,80
20240321,2024-03-21,21,Thursday,12,3,March,1,2024,FY2024,Q1,No,No,81
20240322,2024-03-22,22,Friday,12,3,March,1,2024,FY2024,Q1,No,No,82
20240323,2024-03-23,23,Saturday,12,3,March,1,2024,FY2024,Q1,Yes,No,83
20240324,2024-03-24,24,Sunday,12,3,March,1,2024,FY2024,Q1,Yes,No,84
20240325,2024-03-25,25,Monday,13,3,March,1,2024,FY2024,Q1,No,No,85
20240326,2024-03-26,26,Tuesday,13,3,March,1,2024,FY2024,Q1,No,No,86
20240327,2024-03-27,27,Wednesday,13,3,March,1,2024,FY2024,Q1,No,No,87
20240328,2024-03-28,28,Thursday,13,3,March,1,2024,FY2024,Q1,No,No,88
20240329,2024-03-29,29,Friday,13,3,March,1,2024,FY2024,Q1,No,No,89
20240330,2024-03-30,30,Saturday,13,3,March,1,2024,FY2024,Q1,Yes,No,90
20240331,2024-03-31,31,Sunday,13,3,March,1,2024,FY2024,Q1,Yes,No,91
20240401,2024-04-01,1,Monday,14,4,April,2,2024,FY2024,Q2,No,Yes,92
20240402,2024-04-02,2,Tuesday,14,4,April,2,2024,FY2024,Q2,No,No,93
20240403,2024-04-03,3,Wednesday,14,4,April,2,2024,FY2024,Q2,No,No,94
20240404,2024-04-04,4,Thursday,14,4,April,2,2024,FY2024,Q2,No,No,95
20240405,2024-04-05,5,Friday,14,4,April,2,2024,FY2024,Q2,No,No,96
20240406,2024-04-06,6,Saturday,14,4,April,2,2024,FY2024,Q2,Yes,No,97
20240407,2024-04-07,7,Sunday,14,4,April,2,2024,FY2024,Q2,Yes,No,98
20240408,2024-04-08,8,Monday,15,4,April,2,2024,FY2024,Q2,No,No,99
20240409,2024-04-09,9,Tuesday,15,4,April,2,2024,FY2024,Q2,No,No,100
20240410,2024-04-10,10,Wednesday,15,4,April,2,2024,FY2024,Q2,No,No,101
20240411,2024-04-11,11,Thursday,15,4,April,2,2024,FY2024,Q2,No,No,102
20240412,2024-04-12,12,Friday,15,4,April,2,2024,FY2024,Q2,No,No,103
20240413,2024-04-13,13,Saturday,15,4,April,2,2024,FY2024,Q2,Yes,No,104
20240414,2024-04-14,14,Sunday,15,4,April,2,2024,FY2024,Q2,Yes,No,105
20240415,2024-04-15,15,Monday,16,4,April,2,2024,FY2024,Q2,No,No,106
20240416,2024-04-16,16,Tuesday,16,4,April,2,2024,FY2024,Q2,No,No,107
20240417,2024-04-17,17,Wednesday,16,4,April,2,2024,FY2024,Q2,No,No,108
20240418,2024-04-18,18,Thursday,16,4,April,2,2024,FY2024,Q2,No,No,109
20240419,2024-04-19,19,Friday,16,4,April,2,2024,FY2024,Q2,No,No,110
20240420,2024-04-20,20,Saturday,16,4,April,2,2024,FY2024,Q2,Yes,No,111
20240421,2024-04-21,21,Sunday,16,4,April,2,2024,FY2024,Q2,Yes,No,112
20240422,2024-04-22,22,Monday,17,4,April,2,2024,FY2024,Q2,No,No,113
20240423,2024-04-23,23,Tuesday,17,4,April,2,2024,FY2024,Q2,No,No,114
20240424,2024-04-24,24,Wednesday,17,4,April,2,2024,FY2024,Q2,No,No,115
20240425,2024-04-25,25,Thursday,17,4,April,2,2024,FY2024,Q2,No,No,116
20240426,2024-04-26,26,Friday,17,4,April,2,2024,FY2024,Q2,No,No,117
20240427,2024-04-27,27,Saturday,17,4,April,2,2024,FY2024,Q2,Yes,No,118
20240428,2024-04-28,28,Sunday,17,4,April,2,2024,FY2024,Q2,Yes,No,119
20240429,2024-04-29,29,Monday,18,4,April,2,2024,FY2024,Q2,No,No,120
20240430,2024-04-30,30,Tuesday,18,4,April,2,2024,FY2024,Q2,No,No,121
20240501,2024-05-01,1,Wednesday,18,5,May,2,2024,FY2024,Q2,No,Yes,122
20240502,2024-05-02,2,Thursday,18,5,May,2,2024,FY2024,Q2,No,No,123
20240503,2024-05-03,3,Friday,18,5,May,2,2024,FY2024,Q2,No,No,124
20240504,2024-05-04,4,Saturday,18,5,May,2,2024,FY2024,Q2,Yes,No,125
20240505,2024-05-05,5,Sunday,18,5,May,2,2024,FY2024,Q2,Yes,No,126
20240506,2024-05-06,6,Monday,19,5,May,2,2024,FY2024,Q2,No,No,127
20240507,2024-05-07,7,Tuesday,19,5,May,2,2024,FY2024,Q2,No,No,128
20240508,2024-05-08,8,Wednesday,19,5,May,2,2024,FY2024,Q2,No,No,129
20240509,2024-05-09,9,Thursday,19,5,May,2,2024,FY2024,Q2,No,No,130
20240510,2024-05-10,10,Friday,19,5,May,2,2024,FY2024,Q2,No,No,131
20240511,2024-05-11,11,Saturday,19,5,May,2,2024,FY2024,Q2,Yes,No,132
20240512,2024-05-12,12,Sunday,19,5,May,2,2024,FY2024,Q2,Yes,No,133
20240513,2024-05-13,13,Monday,20,5,May,2,2024,FY2024,Q2,No,No,134
20240514,2024-05-14,14,Tuesday,20,5,May,2,2024,FY2024,Q2,No,No,135
20240515,2024-05-15,15,Wednesday,20,5,May,2,2024,FY2024,Q2,No,No,136
20240516,2024-05-16,16,Thursday,20,5,May,2,2024,FY2024,Q2,No,No,137
20240517,2024-05-17,17,Friday,20,5,May,2,2024,FY2024,Q2,No,No,138
20240518,2024-05-18,18,Saturday,20,5,May,2,2024,FY2024,Q2,Yes,No,139
20240519,2024-05-19,19,Sunday,20,5,May,2,2024,FY2024,Q2,Yes,No,140
20240520,2024-05-20,20,Monday,21,5,May,2,2024,FY2024,Q2,No,No,141
20240521,2024-05-21,21,Tuesday,21,5,May,2,2024,FY2024,Q2,No,No,142
20240522,2024-05-22,22,Wednesday,21,5,May,2,2024,FY2024,Q2,No,No,143
20240523,2024-05-23,23,Thursday,21,5,May,2,2024,FY2024,Q2,No,No,144
20240524,2024-05-24,24,Friday,21,5,May,2,2024,FY2024,Q2,No,No,145
20240525,2024-05-25,25,Saturday,21,5,May,2,2024,FY2024,Q2,Yes,No,146
20240526,2024-05-26,26,Sunday,21,5,May,2,2024,FY2024,Q2,Yes,No,147
20240527,2024-05-27,27,Monday,22,5,May,2,2024,FY2024,Q2,No,No,148
20240528,2024-05-28,28,Tuesday,22,5,May,2,2024,FY2024,Q2,No,No,149
20240529,2024-05-29,29,Wednesday,22,5,May,2,2024,FY2024,Q2,No,No,150
20240530,2024-05-30,30,Thursday,22,5,May,2,2024,FY2024,Q2,No,No,151
20240531,2024-05-31,31,Friday,22,5,May,2,2024,FY2024,Q2,No,No,152
20240601,2024-06-01,1,Saturday,22,6,June,2,2024,FY2024,Q2,Yes,Yes,153
20240602,2024-06-02,2,Sunday,22,6,June,2,2024,FY2024,Q2,Yes,No,154
20240603,2024-06-03,3,Monday,23,6,June,2,2024,FY2024,Q2,No,No,155
20240604,2024-06-04,4,Tuesday,23,6,June,2,2024,FY2024,Q2,No,No,156
20240605,2024-06-05,5,Wednesday,23,6,June,2,2024,FY2024,Q2,No,No,157
20240606,2024-06-06,6,Thursday,23,6,June,2,2024,FY2024,Q2,No,No,158
20240607,2024-06-07,7,Friday,23,6,June,2,2024,FY2024,Q2,No,No,159
20240608,2024-06-08,8,Saturday,23,6,June,2,2024,FY2024,Q2,Yes,No,160
20240609,2024-06-09,9,Sunday,23,6,June,2,2024,FY2024,Q2,Yes,No,161
20240610,2024-06-10,10,Monday,24,6,June,2,2024,FY2024,Q2,No,No,162
20240611,2024-06-11,11,Tuesday,24,6,June,2,2024,FY2024,Q2,No,No,163
20240612,2024-06-12,12,Wednesday,24,6,June,2,2024,FY2024,Q2,No,No,164
20240613,2024-06-13,13,Thursday,24,6,June,2,2024,FY2024,Q2,No,No,165
20240614,2024-06-14,14,Friday,24,6,June,2,2024,FY2024,Q2,No,No,166
20240615,2024-06-15,15,Saturday,24,6,June,2,2024,FY2024,Q2,Yes,No,167
20240616,2024-06-16,16,Sunday,24,6,June,2,2024,FY2024,Q2,Yes,No,168
20240617,2024-06-17,17,Monday,25,6,June,2,2024,FY2024,Q2,No,No,169
20240618,2024-06-18,18,Tuesday,25,6,June,2,2024,FY2024,Q2,No,No,170
20240619,2024-06-19,19,Wednesday,25,6,June,2,2024,FY2024,Q2,No,No,171
20240620,2024-06-20,20,Thursday,25,6,June,2,2024,FY2024,Q2,No,No,172
20240621,2024-06-21,21,Friday,25,6,June,2,2024,FY2024,Q2,No,No,173
20240622,2024-06-22,22,Saturday,25,6,June,2,2024,FY2024,Q2,Yes,No,174
20240623,2024-06-23,23,Sunday,25,6,June,2,2024,FY2024,Q2,Yes,No,175
20240624,2024-06-24,24,Monday,26,6,June,2,2024,FY2024,Q2,No,No,176
20240625,2024-06-25,25,Tuesday,26,6,June,2,2024,FY2024,Q2,No,No,177
20240626,2024-06-26,26,Wednesday,26,6,June,2,2024,FY2024,Q2,No,No,178
20240627,2024-06-27,27,Thursday,26,6,June,2,2024,FY2024,Q2,No,No,179
20240628,2024-06-28,28,Friday,26,6,June,2,2024,FY2024,Q2,No,No,180
20240629,2024-06-29,29,Saturday,26,6,June,2,2024,FY2024,Q2,Yes,No,181
20240630,2024-06-30,30,Sunday,26,6,June,2,2024,FY2024,Q2,Yes,No,182
20240701,2024-07-01,1,Monday,27,7,July,3,2024,FY2024,Q3,No,Yes,183
20240702,2024-07-02,2,Tuesday,27,7,July,3,2024,FY2024,Q3,No,No,184
20240703,2024-07-03,3,Wednesday,27,7,July,3,2024,FY2024,Q3,No,No,185
20240704,2024-07-04,4,Thursday,27,7,July,3,2024,FY2024,Q3,No,No,186
20240705,2024-07-05,5,Friday,27,7,July,3,2024,FY2024,Q3,No,No,187
20240706,2024-07-06,6,Saturday,27,7,July,3,2024,FY2024,Q3,Yes,No,188
20240707,2024-07-07,7,Sunday,27,7,July,3,2024,FY2024,Q3,Yes,No,189
20240708,2024-07-08,8,Monday,28,7,July,3,2024,FY2024,Q3,No,No,190
20240709,2024-07-09,9,Tuesday,28,7,July,3,2024,FY2024,Q3,No,No,191
20240710,2024-07-10,10,Wednesday,28,7,July,3,2024,FY2024,Q3,No,No,192
20240711,2024-07-11,11,Thursday,28,7,July,3,2024,FY2024,Q3,No,No,193
20240712,2024-07-12,12,Friday,28,7,July,3,2024,FY2024,Q3,No,No,194
20240713,2024-07-13,13,Saturday,28,7,July,3,2024,FY2024,Q3,Yes,No,195
20240714,2024-07-14,14,Sunday,28,7,July,3,2024,FY2024,Q3,Yes,No,196
20240715,2024-07-15,15,Monday,29,7,July,3,2024,FY2024,Q3,No,No,197
20240716,2024-07-16,16,Tuesday,29,7,July,3,2024,FY2024,Q3,No,No,198
20240717,2024-07-17,17,Wednesday,29,7,July,3,2024,FY2024,Q3,No,No,199
20240718,2024-07-18,18,Thursday,29,7,July,3,2024,FY2024,Q3,No,No,200
20240719,2024-07-19,19,Friday,29,7,July,3,2024,FY2024,Q3,No,No,201
20240720,2024-07-20,20,Saturday,29,7,July,3,2024,FY2024,Q3,Yes,No,202
20240721,2024-07-21,21,Sunday,29,7,July,3,2024,FY2024,Q3,Yes,No,203
20240722,2024-07-22,22,Monday,30,7,July,3,2024,FY2024,Q3,No,No,204
20240723,2024-07-23,23,Tuesday,30,7,July,3,2024,FY2024,Q3,No,No,205
20240724,2024-07-24,24,Wednesday,30,7,July,3,2024,FY2024,Q3,No,No,206
20240725,2024-07-25,25,Thursday,30,7,July,3,2024,FY2024,Q3,No,No,207
20240726,2024-07-26,26,Friday,30,7,July,3,2024,FY2024,Q3,No,No,208
20240727,2024-07-27,27,Saturday,30,7,July,3,2024,FY2024,Q3,Yes,No,209
20240728,2024-07-28,28,Sunday,30,7,July,3,2024,FY2024,Q3,Yes,No,210
20240729,2024-07-29,29,Monday,31,7,July,3,2024,FY2024,Q3,No,No,211
20240730,2024-07-30,30,Tuesday,31,7,July,3,2024,FY2024,Q3,No,No,212
20240731,2024-07-31,31,Wednesday,31,7,July,3,2024,FY2024,Q3,No,No,213
20240801,2024-08-01,1,Thursday,31,8,August,3,2024,FY2024,Q3,No,Yes,214
20240802,2024-08-02,2,Friday,31,8,August,3,2024,FY2024,Q3,No,No,215
20240803,2024-08-03,3,Saturday,31,8,August,3,2024,FY2024,Q3,Yes,No,216
20240804,2024-08-04,4,Sunday,31,8,August,3,2024,FY2024,Q3,Yes,No,217
20240805,2024-08-05,5,Monday,32,8,August,3,2024,FY2024,Q3,No,No,218
20240806,2024-08-06,6,Tuesday,32,8,August,3,2024,FY2024,Q3,No,No,219
20240807,2024-08-07,7,Wednesday,32,8,August,3,2024,FY2024,Q3,No,No,220
20240808,2024-08-08,8,Thursday,32,8,August,3,2024,FY2024,Q3,No,No,221
20240809,2024-08-09,9,Friday,32,8,August,3,2024,FY2024,Q3,No,No,222
20240810,2024-08-10,10,Saturday,32,8,August,3,2024,FY2024,Q3,Yes,No,223
20240811,2024-08-11,11,Sunday,32,8,August,3,2024,FY2024,Q3,Yes,No,224
20240812,2024-08-12,12,Monday,33,8,August,3,2024,FY2024,Q3,No,No,225
20240813,2024-08-13,13,Tuesday,33,8,August,3,2024,FY2024,Q3,No,No,226
20240814,2024-08-14,14,Wednesday,33,8,August,3,2024,FY2024,Q3,No,No,227
20240815,2024-08-15,15,Thursday,33,8,August,3,2024,FY2024,Q3,No,No,228
20240816,2024-08-16,16,Friday,33,8,August,3,2024,FY2024,Q3,No,No,229
20240817,2024-08-17,17,Saturday,33,8,August,3,2024,FY2024,Q3,Yes,No,230
20240818,2024-08-18,18,Sunday,33,8,August,3,2024,FY2024,Q3,Yes,No,231
20240819,2024-08-19,19,Monday,34,8,August,3,2024,FY2024,Q3,No,No,232
20240820,2024-08-20,20,Tuesday,34,8,August,3,2024,FY2024,Q3,No,No,233
20240821,2024-08-21,21,Wednesday,34,8,August,3,2024,FY2024,Q3,No,No,234
20240822,2024-08-22,22,Thursday,34,8,August,3,2024,FY2024,Q3,No,No,235
20240823,2024-08-23,23,Friday,34,8,August,3,2024,FY2024,Q3,No,No,236
20240824,2024-08-24,24,Saturday,34,8,August,3,2024,FY2024,Q3,Yes,No,237
20240825,2024-08-25,25,Sunday,34,8,August,3,2024,FY2024,Q3,Yes,No,238
20240826,2024-08-26,26,Monday,35,8,August,3,2024,FY2024,Q3,No,No,239
20240827,2024-08-27,27,Tuesday,35,8,August,3,2024,FY2024,Q3,No,No,240
20240828,2024-08-28,28,Wednesday,35,8,August,3,2024,FY2024,Q3,No,No,241
20240829,2024-08-29,29,Thursday,35,8,August,3,2024,FY2024,Q3,No,No,242
20240830,2024-08-30,30,Friday,35,8,August,3,2024,FY2024,Q3,No,No,243
20240831,2024-08-31,31,Saturday,35,8,August,3,2024,FY2024,Q3,Yes,No,244
20240901,2024-09-01,1,Sunday,35,9,September,3,2024,FY2024,Q3,Yes,Yes,245
20240902,2024-09-02,2,Monday,36,9,September,3,2024,FY2024,Q3,No,No,246
20240903,2024-09-03,3,Tuesday,36,9,September,3,2024,FY2024,Q3,No,No,247
20240904,2024-09-04,4,Wednesday,36,9,September,3,2024,FY2024,Q3,No,No,248
20240905,2024-09-05,5,Thursday,36,9,September,3,2024,FY2024,Q3,No,No,249
20240906,2024-09-06,6,Friday,36,9,September,3,2024,FY2024,Q3,No,No,250
20240907,2024-09-07,7,Saturday,36,9,September,3,2024,FY2024,Q3,Yes,No,251
20240908,2024-09-08,8,Sunday,36,9,September,3,2024,FY2024,Q3,Yes,No,252
20240909,2024-09-09,9,Monday,37,9,September,3,2024,FY2024,Q3,No,No,253
20240910,2024-09-10,10,Tuesday,37,9,September,3,2024,FY2024,Q3,No,No,254
20240911,2024-09-11,11,Wednesday,37,9,September,3,2024,FY2024,Q3,No,No,255
20240912,2024-09-12,12,Thursday,37,9,September,3,2024,FY2024,Q3,No,No,256
20240913,2024-09-13,13,Friday,37,9,September,3,2024,FY2024,Q3,No,No,257
20240914,2024-09-14,14,Saturday,37,9,September,3,2024,FY2024,Q3,Yes,No,258
20240915,2024-09-15,15,Sunday,37,9,September,3,2024,FY2024,Q3,Yes,No,259
20240916,2024-09-16,16,Monday,38,9,September,3,2024,FY2024,Q3,No,No,260
20240917,2024-09-17,17,Tuesday,38,9,September,3,2024,FY2024,Q3,No,No,261
20240918,2024-09-18,18,Wednesday,38,9,September,3,2024,FY2024,Q3,No,No,262
20240919,2024-09-19,19,Thursday,38,9,September,3,2024,FY2024,Q3,No,No,263
20240920,2024-09-20,20,Friday,38,9,September,3,2024,FY2024,Q3,No,No,264
20240921,2024-09-21,21,Saturday,38,9,September,3,2024,FY2024,Q3,Yes,No,265
20240922,2024-09-22,22,Sunday,38,9,September,3,2024,FY2024,Q3,Yes,No,266
20240923,2024-09-23,23,Monday,39,9,September,3,2024,FY2024,Q3,No,No,267
20240924,2024-09-24,24,Tuesday,39,9,September,3,2024,FY2024,Q3,No,No,268
20240925,2024-09-25,25,Wednesday,39,9,September,3,2024,FY2024,Q3,No,No,269
20240926,2024-09-26,26,Thursday,39,9,September,3,2024,FY2024,Q3,No,No,270
20240927,2024-09-27,27,Friday,39,9,September,3,2024,FY2024,Q3,No,No,271
20240928,2024-09-28,28,Saturday,39,9,September,3,2024,FY2024,Q3,Yes,No,272
20240929,2024-09-29,29,Sunday,39,9,September,3,2024,FY2024,Q3,Yes,No,273
20240930,2024-09-30,30,Monday,40,9,September,3,2024,FY2024,Q3,No,No,274
20241001,2024-10-01,1,Tuesday,40,10,October,4,2024,FY2024,Q4,No,Yes,275
20241002,2024-10-02,2,Wednesday,40,10,October,4,2024,FY2024,Q4,No,No,276
20241003,2024-10-03,3,Thursday,40,10,October,4,2024,FY2024,Q4,No,No,277
20241004,2024-10-04,4,Friday,40,10,October,4,2024,FY2024,Q4,No,No,278
20241005,2024-10-05,5,Saturday,40,10,October,4,2024,FY2024,Q4,Yes,No,279
20241006,2024-10-06,6,Sunday,40,10,October,4,2024,FY2024,Q4,Yes,No,280
20241007,2024-10-07,7,Monday,41,10,October,4,2024,FY2024,Q4,No,No,281
20241008,2024-10-08,8,Tuesday,41,10,October,4,2024,FY2024,Q4,No,No,282
20241009,2024-10-09,9,Wednesday,41,10,October,4,2024,FY2024,Q4,No,No,283
20241010,2024-10-10,10,Thursday,41,10,October,4,2024,FY2024,Q4,No,No,284
20241011,2024-10-11,11,Friday,41,10,October,4,2024,FY2024,Q4,No,No,285
20241012,2024-10-12,12,Saturday,41,10,October,4,2024,FY2024,Q4,Yes,No,286
20241013,2024-10-13,13,Sunday,41,10,October,4,2024,FY2024,Q4,Yes,No,287
20241014,2024-10-14,14,Monday,42,10,October,4,2024,FY2024,Q4,No,No,288
20241015,2024-10-15,15,Tuesday,42,10,October,4,2024,FY2024,Q4,No,No,289
20241016,2024-10-16,16,Wednesday,42,10,October,4,2024,FY2024,Q4,No,No,290
20241017,2024-10-17,17,Thursday,42,10,October,4,2024,FY2024,Q4,No,No,291
20241018,2024-10-18,18,Friday,42,10,October,4,2024,FY2024,Q4,No,No,292
20241019,2024-10-19,19,Saturday,42,10,October,4,2024,FY2024,Q4,Yes,No,293
20241020,2024-10-20,20,Sunday,42,10,October,4,2024,FY2024,Q4,Yes,No,294
20241021,2024-10-21,21,Monday,43,10,October,4,2024,FY2024,Q4,No,No,295
20241022,2024-10-22,22,Tuesday,43,10,October,4,2024,FY2024,Q4,No,No,296
20241023,2024-10-23,23,Wednesday,43,10,October,4,2024,FY2024,Q4,No,No,297
20241024,2024-10-24,24,Thursday,43,10,October,4,2024,FY2024,Q4,No,No,298
20241025,2024-10-25,25,Friday,43,10,October,4,2024,FY2024,Q4,No,No,299
20241026,2024-10-26,26,Saturday,43,10,October,4,2024,FY2024,Q4,Yes,No,300
20241027,2024-10-27,27,Sunday,43,10,October,4,2024,FY2024,Q4,Yes,No,301
20241028,2024-10-28,28,Monday,44,10,October,4,2024,FY2024,Q4,No,No,302
20241029,2024-10-29,29,Tuesday,44,10,October,4,2024,FY2024,Q4,No,No,303
20241030,2024-10-30,30,Wednesday,44,10,October,4,2024,FY2024,Q4,No,No,304
20241031,2024-10-31,31,Thursday,44,10,October,4,2024,FY2024,Q4,No,No,305
20241101,2024-11-01,1,Friday,44,11,November,4,2024,FY2024,Q4,No,Yes,306
20241102,2024-11-02,2,Saturday,44,11,November,4,2024,FY2024,Q4,Yes,No,307
20241103,2024-11-03,3,Sunday,44,11,November,4,2024,FY2024,Q4,Yes,No,308
20241104,2024-11-04,4,Monday,45,11,November,4,2024,FY2024,Q4,No,No,309
20241105,2024-11-05,5,Tuesday,45,11,November,4,2024,FY2024,Q4,No,No,310
20241106,2024-11-06,6,Wednesday,45,11,November,4,2024,FY2024,Q4,No,No,311
20241107,2024-11-07,7,Thursday,45,11,November,4,2024,FY2024,Q4,No,No,312
20241108,2024-11-08,8,Friday,45,11,November,4,2024,FY2024,Q4,No,No,313
20241109,2024-11-09,9,Saturday,45,11,November,4,2024,FY2024,Q4,Yes,No,314
20241110,2024-11-10,10,Sunday,45,11,November,4,2024,FY2024,Q4,Yes,No,315
20241111,2024-11-11,11,Monday,46,11,November,4,2024,FY2024,Q4,No,No,316
20241112,2024-11-12,12,Tuesday,46,11,November,4,2024,FY2024,Q4,No,No,317
20241113,2024-11-13,13,Wednesday,46,11,November,4,2024,FY2024,Q4,No,No,318
20241114,2024-11-14,14,Thursday,46,11,November,4,2024,FY2024,Q4,No,No,319
20241115,2024-11-15,15,Friday,46,11,November,4,2024,FY2024,Q4,No,No,320
20241116,2024-11-16,16,Saturday,46,11,November,4,2024,FY2024,Q4,Yes,No,321
20241117,2024-11-17,17,Sunday,46,11,November,4,2024,FY2024,Q4,Yes,No,322
20241118,2024-11-18,18,Monday,47,11,November,4,2024,FY2024,Q4,No,No,323
20241119,2024-11-19,19,Tuesday,47,11,November,4,2024,FY2024,Q4,No,No,324
20241120,2024-11-20,20,Wednesday,47,11,November,4,2024,FY2024,Q4,No,No,325
20241121,2024-11-21,21,Thursday,47,11,November,4,2024,FY2024,Q4,No,No,326
20241122,2024-11-22,22,Friday,47,11,November,4,2024,FY2024,Q4,No,No,327
20241123,2024-11-23,23,Saturday,47,11,November,4,2024,FY2024,Q4,Yes,No,328
20241124,2024-11-24,24,Sunday,47,11,November,4,2024,FY2024,Q4,Yes,No,329
20241125,2024-11-25,25,Monday,48,11,November,4,2024,FY2024,Q4,No,No,330
20241126,2024-11-26,26,Tuesday,48,11,November,4,2024,FY2024,Q4,No,No,331
20241127,2024-11-27,27,Wednesday,48,11,November,4,2024,FY2024,Q4,No,No,332
20241128,2024-11-28,28,Thursday,48,11,November,4,2024,FY2024,Q4,No,No,333
20241129,2024-11-29,29,Friday,48,11,November,4,2024,FY2024,Q4,No,No,334
20241130,2024-11-30,30,Saturday,48,11,November,4,2024,FY2024,Q4,Yes,No,335
20241201,2024-12-01,1,Sunday,48,12,December,4,2024,FY2024,Q4,Yes,Yes,336
20241202,2024-12-02,2,Monday,49,12,December,4,2024,FY2024,Q4,No,No,337
20241203,2024-12-03,3,Tuesday,49,12,December,4,2024,FY2024,Q4,No,No,338
20241204,2024-12-04,4,Wednesday,49,12,December,4,2024,FY2024,Q4,No,No,339
20241205,2024-12-05,5,Thursday,49,12,December,4,2024,FY2024,Q4,No,No,340
20241206,2024-12-06,6,Friday,49,12,December,4,2024,FY2024,Q4,No,No,341
20241207,2024-12-07,7,Saturday,49,12,December,4,2024,FY2024,Q4,Yes,No,342
20241208,2024-12-08,8,Sunday,49,12,December,4,2024,FY2024,Q4,Yes,No,343
20241209,2024-12-09,9,Monday,50,12,December,4,2024,FY2024,Q4,No,No,344
20241210,2024-12-10,10,Tuesday,50,12,December,4,2024,FY2024,Q4,No,No,345
20241211,2024-12-11,11,Wednesday,50,12,December,4,2024,FY2024,Q4,No,No,346
20241212,2024-12-12,12,Thursday,50,12,December,4,2024,FY2024,Q4,No,No,347
20241213,2024-12-13,13,Friday,50,12,December,4,2024,FY2024,Q4,No,No,348
20241214,2024-12-14,14,Saturday,50,12,December,4,2024,FY2024,Q4,Yes,No,349
20241215,2024-12-15,15,Sunday,50,12,December,4,2024,FY2024,Q4,Yes,No,350
20241216,2024-12-16,16,Monday,51,12,December,4,2024,FY2024,Q4,No,No,351
20241217,2024-12-17,17,Tuesday,51,12,December,4,2024,FY2024,Q4,No,No,352
20241218,2024-12-18,18,Wednesday,51,12,December,4,2024,FY2024,Q4,No,No,353
20241219,2024-12-19,19,Thursday,51,12,December,4,2024,FY2024,Q4,No,No,354
20241220,2024-12-20,20,Friday,51,12,December,4,2024,FY2024,Q4,No,No,355
20241221,2024-12-21,21,Saturday,51,12,December,4,2024,FY2024,Q4,Yes,No,356
20241222,2024-12-22,22,Sunday,51,12,December,4,2024,FY2024,Q4,Yes,No,357
20241223,2024-12-23,23,Monday,52,12,December,4,2024,FY2024,Q4,No,No,358
20241224,2024-12-24,24,Tuesday,52,12,December,4,2024,FY2024,Q4,No,No,359
20241225,2024-12-25,25,Wednesday,52,12,December,4,2024,FY2024,Q4,No,No,360
20241226,2024-12-26,26,Thursday,52,12,December,4,2024,FY2024,Q4,No,No,361
20241227,2024-12-27,27,Friday,52,12,December,4,2024,FY2024,Q4,No,No,362
20241228,2024-12-28,28,Saturday,52,12,December,4,2024,FY2024,Q4,Yes,No,363
20241229,2024-12-29,29,Sunday,52,12,December,4,2024,FY2024,Q4,Yes,No,364
20241230,2024-12-30,30,Monday,1,12,December,4,2024,FY2024,Q4,No,No,365
20241231,2024-12-31,31,Tuesday,1,12,December,4,2024,FY2024,Q4,No,No,366
20250101,2025-01-01,1,Wednesday,1,1,January,1,2025,FY2025,Q1,No,Yes,1
20250102,2025-01-02,2,Thursday,1,1,January,1,2025,FY2025,Q1,No,No,2
20250103,2025-01-03,3,Friday,1,1,January,1,2025,FY2025,Q1,No,No,3
20250104,2025-01-04,4,Saturday,1,1,January,1,2025,FY2025,Q1,Yes,No,4
20250105,2025-01-05,5,Sunday,1,1,January,1,2025,FY2025,Q1,Yes,No,5
20250106,2025-01-06,6,Monday,2,1,January,1,2025,FY2025,Q1,No,No,6
20250107,2025-01-07,7,Tuesday,2,1,January,1,2025,FY2025,Q1,No,No,7
20250108,2025-01-08,8,Wednesday,2,1,January,1,2025,FY2025,Q1,No,No,8
20250109,2025-01-09,9,Thursday,2,1,January,1,2025,FY2025,Q1,No,No,9
20250110,2025-01-10,10,Friday,2,1,January,1,2025,FY2025,Q1,No,No,10
20250111,2025-01-11,11,Saturday,2,1,January,1,2025,FY2025,Q1,Yes,No,11
20250112,2025-01-12,12,Sunday,2,1,January,1,2025,FY2025,Q1,Yes,No,12
20250113,2025-01-13,13,Monday,3,1,January,1,2025,FY2025,Q1,No,No,13
20250114,2025-01-14,14,Tuesday,3,1,January,1,2025,FY2025,Q1,No,No,14
20250115,2025-01-15,15,Wednesday,3,1,January,1,2025,FY2025,Q1,No,No,15
20250116,2025-01-16,16,Thursday,3,1,January,1,2025,FY2025,Q1,No,No,16
20250117,2025-01-17,17,Friday,3,1,January,1,2025,FY2025,Q1,No,No,17
20250118,2025-01-18,18,Saturday,3,1,January,1,2025,FY2025,Q1,Yes,No,18
20250119,2025-01-19,19,Sunday,3,1,January,1,2025,FY2025,Q1,Yes,No,19
20250120,2025-01-20,20,Monday,4,1,January,1,2025,FY2025,Q1,No,No,20
20250121,2025-01-21,21,Tuesday,4,1,January,1,2025,FY2025,Q1,No,No,21
20250122,2025-01-22,22,Wednesday,4,1,January,1,2025,FY2025,Q1,No,No,22
20250123,2025-01-23,23,Thursday,4,1,January,1,2025,FY2025,Q1,No,No,23
20250124,2025-01-24,24,Friday,4,1,January,1,2025,FY2025,Q1,No,No,24
20250125,2025-01-25,25,Saturday,4,1,January,1,2025,FY2025,Q1,Yes,No,25
20250126,2025-01-26,26,Sunday,4,1,January,1,2025,FY2025,Q1,Yes,No,26
20250127,2025-01-27,27,Monday,5,1,January,1,2025,FY2025,Q1,No,No,27
20250128,2025-01-28,28,Tuesday,5,1,January,1,2025,FY2025,Q1,No,No,28
20250129,2025-01-29,29,Wednesday,5,1,January,1,2025,FY2025,Q1,No,No,29
20250130,2025-01-30,30,Thursday,5,1,January,1,2025,FY2025,Q1,No,No,30
20250131,2025-01-31,31,Friday,5,1,January,1,2025,FY2025,Q1,No,No,31
20250201,2025-02-01,1,Saturday,5,2,February,1,2025,FY2025,Q1,Yes,Yes,32
20250202,2025-02-02,2,Sunday,5,2,February,1,2025,FY2025,Q1,Yes,No,33
20250203,2025-02-03,3,Monday,6,2,February,1,2025,FY2025,Q1,No,No,34
20250204,2025-02-04,4,Tuesday,6,2,February,1,2025,FY2025,Q1,No,No,35
20250205,2025-02-05,5,Wednesday,6,2,February,1,2025,FY2025,Q1,No,No,36
20250206,2025-02-06,6,Thursday,6,2,February,1,2025,FY2025,Q1,No,No,37
20250207,2025-02-07,7,Friday,6,2,February,1,2025,FY2025,Q1,No,No,38
20250208,2025-02-08,8,Saturday,6,2,February,1,2025,FY2025,Q1,Yes,No,39
20250209,2025-02-09,9,Sunday,6,2,February,1,2025,FY2025,Q1,Yes,No,40
20250210,2025-02-10,10,Monday,7,2,February,1,2025,FY2025,Q1,No,No,41
20250211,2025-02-11,11,Tuesday,7,2,February,1,2025,FY2025,Q1,No,No,42
20250212,2025-02-12,12,Wednesday,7,2,February,1,2025,FY2025,Q1,No,No,43
20250213,2025-02-13,13,Thursday,7,2,February,1,2025,FY2025,Q1,No,No,44
20250214,2025-02-14,14,Friday,7,2,February,1,2025,FY2025,Q1,No,No,45
20250215,2025-02-15,15,Saturday,7,2,February,1,2025,FY2025,Q1,Yes,No,46
20250216,2025-02-16,16,Sunday,7,2,February,1,2025,FY2025,Q1,Yes,No,47
20250217,2025-02-17,17,Monday,8,2,February,1,2025,FY2025,Q1,No,No,48
20250218,2025-02-18,18,Tuesday,8,2,February,1,2025,FY2025,Q1,No,No,49
20250219,2025-02-19,19,Wednesday,8,2,February,1,2025,FY2025,Q1,No,No,50
20250220,2025-02-20,20,Thursday,8,2,February,1,2025,FY2025,Q1,No,No,51
20250221,2025-02-21,21,Friday,8,2,February,1,2025,FY2025,Q1,No,No,52
20250222,2025-02-22,22,Saturday,8,2,February,1,2025,FY2025,Q1,Yes,No,53
20250223,2025-02-23,23,Sunday,8,2,February,1,2025,FY2025,Q1,Yes,No,54
20250224,2025-02-24,24,Monday,9,2,February,1,2025,FY2025,Q1,No,No,55
20250225,2025-02-25,25,Tuesday,9,2,February,1,2025,FY2025,Q1,No,No,56
20250226,2025-02-26,26,Wednesday,9,2,February,1,2025,FY2025,Q1,No,No,57
20250227,2025-02-27,27,Thursday,9,2,February,1,2025,FY2025,Q1,No,No,58
20250228,2025-02-28,28,Friday,9,2,February,1,2025,FY2025,Q1,No,No,59
20250301,2025-03-01,1,Saturday,9,3,March,1,2025,FY2025,Q1,Yes,Yes,60
20250302,2025-03-02,2,Sunday,9,3,March,1,2025,FY2025,Q1,Yes,No,61
20250303,2025-03-03,3,Monday,10,3,March,1,2025,FY2025,Q1,No,No,62
20250304,2025-03-04,4,Tuesday,10,3,March,1,2025,FY2025,Q1,No,No,63
20250305,2025-03-05,5,Wednesday,10,3,March,1,2025,FY2025,Q1,No,No,64
20250306,2025-03-06,6,Thursday,10,3,March,1,2025,FY2025,Q1,No,No,65
20250307,2025-03-07,7,Friday,10,3,March,1,2025,FY2025,Q1,No,No,66
20250308,2025-03-08,8,Saturday,10,3,March,1,2025,FY2025,Q1,Yes,No,67
20250309,2025-03-09,9,Sunday,10,3,March,1,2025,FY2025,Q1,Yes,No,68
20250310,2025-03-10,10,Monday,11,3,March,1,2025,FY2025,Q1,No,No,69
20250311,2025-03-11,11,Tuesday,11,3,March,1,2025,FY2025,Q1,No,No,70
20250312,2025-03-12,12,Wednesday,11,3,March,1,2025,FY2025,Q1,No,No,71
20250313,2025-03-13,13,Thursday,11,3,March,1,2025,FY2025,Q1,No,No,72
20250314,2025-03-14,14,Friday,11,3,March,1,2025,FY2025,Q1,No,No,73
20250315,2025-03-15,15,Saturday,11,3,March,1,2025,FY2025,Q1,Yes,No,74
20250316,2025-03-16,16,Sunday,11,3,March,1,2025,FY2025,Q1,Yes,No,75
20250317,2025-03-17,17,Monday,12,3,March,1,2025,FY2025,Q1,No,No,76
20250318,2025-03-18,18,Tuesday,12,3,March,1,2025,FY2025,Q1,No,No,77
20250319,2025-03-19,19,Wednesday,12,3,March,1,2025,FY2025,Q1,No,No,78
20250320,2025-03-20,20,Thursday,12,3,March,1,2025,FY2025,Q1,No,No,79
20250321,2025-03-21,21,Friday,12,3,March,1,2025,FY2025,Q1,No,No,80
20250322,2025-03-22,22,Saturday,12,3,March,1,2025,FY2025,Q1,Yes,No,81
20250323,2025-03-23,23,Sunday,12,3,March,1,2025,FY2025,Q1,Yes,No,82
20250324,2025-03-24,24,Monday,13,3,March,1,2025,FY2025,Q1,No,No,83
20250325,2025-03-25,25,Tuesday,13,3,March,1,2025,FY2025,Q1,No,No,84
20250326,2025-03-26,26,Wednesday,13,3,March,1,2025,FY2025,Q1,No,No,85
20250327,2025-03-27,27,Thursday,13,3,March,1,2025,FY2025,Q1,No,No,86
20250328,2025-03-28,28,Friday,13,3,March,1,2025,FY2025,Q1,No,No,87
20250329,2025-03-29,29,Saturday,13,3,March,1,2025,FY2025,Q1,Yes,No,88
20250330,2025-03-30,30,Sunday,13,3,March,1,2025,FY2025,Q1,Yes,No,89
20250331,2025-03-31,31,Monday,14,3,March,1,2025,FY2025,Q1,No,No,90
20250401,2025-04-01,1,Tuesday,14,4,April,2,2025,FY2025,Q2,No,Yes,91
20250402,2025-04-02,2,Wednesday,14,4,April,2,2025,FY2025,Q2,No,No,92
20250403,2025-04-03,3,Thursday,14,4,April,2,2025,FY2025,Q2,No,No,93
20250404,2025-04-04,4,Friday,14,4,April,2,2025,FY2025,Q2,No,No,94
20250405,2025-04-05,5,Saturday,14,4,April,2,2025,FY2025,Q2,Yes,No,95
20250406,2025-04-06,6,Sunday,14,4,April,2,2025,FY2025,Q2,Yes,No,96
20250407,2025-04-07,7,Monday,15,4,April,2,2025,FY2025,Q2,No,No,97
20250408,2025-04-08,8,Tuesday,15,4,April,2,2025,FY2025,Q2,No,No,98
20250409,2025-04-09,9,Wednesday,15,4,April,2,2025,FY2025,Q2,No,No,99
20250410,2025-04-10,10,Thursday,15,4,April,2,2025,FY2025,Q2,No,No,100
20250411,2025-04-11,11,Friday,15,4,April,2,2025,FY2025,Q2,No,No,101
20250412,2025-04-12,12,Saturday,15,4,April,2,2025,FY2025,Q2,Yes,No,102
20250413,2025-04-13,13,Sunday,15,4,April,2,2025,FY2025,Q2,Yes,No,103
20250414,2025-04-14,14,Monday,16,4,April,2,2025,FY2025,Q2,No,No,104
20250415,2025-04-15,15,Tuesday,16,4,April,2,2025,FY2025,Q2,No,No,105
20250416,2025-04-16,16,Wednesday,16,4,April,2,2025,FY2025,Q2,No,No,106
20250417,2025-04-17,17,Thursday,16,4,April,2,2025,FY2025,Q2,No,No,107
20250418,2025-04-18,18,Friday,16,4,April,2,2025,FY2025,Q2,No,No,108
20250419,2025-04-19,19,Saturday,16,4,April,2,2025,FY2025,Q2,Yes,No,109
20250420,2025-04-20,20,Sunday,16,4,April,2,2025,FY2025,Q2,Yes,No,110
20250421,2025-04-21,21,Monday,17,4,April,2,2025,FY2025,Q2,No,No,111
20250422,2025-04-22,22,Tuesday,17,4,April,2,2025,FY2025,Q2,No,No,112
20250423,2025-04-23,23,Wednesday,17,4,April,2,2025,FY2025,Q2,No,No,113
20250424,2025-04-24,24,Thursday,17,4,April,2,2025,FY2025,Q2,No,No,114
20250425,2025-04-25,25,Friday,17,4,April,2,2025,FY2025,Q2,No,No,115
20250426,2025-04-26,26,Saturday,17,4,April,2,2025,FY2025,Q2,Yes,No,116
20250427,2025-04-27,27,Sunday,17,4,April,2,2025,FY2025,Q2,Yes,No,117
20250428,2025-04-28,28,Monday,18,4,April,2,2025,FY2025,Q2,No,No,118
20250429,2025-04-29,29,Tuesday,18,4,April,2,2025,FY2025,Q2,No,No,119
20250430,2025-04-30,30,Wednesday,18,4,April,2,2025,FY2025,Q2,No,No,120
20250501,2025-05-01,1,Thursday,18,5,May,2,2025,FY2025,Q2,No,Yes,121
20250502,2025-05-02,2,Friday,18,5,May,2,2025,FY2025,Q2,No,No,122
20250503,2025-05-03,3,Saturday,18,5,May,2,2025,FY2025,Q2,Yes,No,123
20250504,2025-05-04,4,Sunday,18,5,May,2,2025,FY2025,Q2,Yes,No,124
20250505,2025-05-05,5,Monday,19,5,May,2,2025,FY2025,Q2,No,No,125
20250506,2025-05-06,6,Tuesday,19,5,May,2,2025,FY2025,Q2,No,No,126
20250507,2025-05-07,7,Wednesday,19,5,May,2,2025,FY2025,Q2,No,No,127
20250508,2025-05-08,8,Thursday,19,5,May,2,2025,FY2025,Q2,No,No,128
20250509,2025-05-09,9,Friday,19,5,May,2,2025,FY2025,Q2,No,No,129
20250510,2025-05-10,10,Saturday,19,5,May,2,2025,FY2025,Q2,Yes,No,130
20250511,2025-05-11,11,Sunday,19,5,May,2,2025,FY2025,Q2,Yes,No,131
20250512,2025-05-12,12,Monday,20,5,May,2,2025,FY2025,Q2,No,No,132
20250513,2025-05-13,13,Tuesday,20,5,May,2,2025,FY2025,Q2,No,No,133
20250514,2025-05-14,14,Wednesday,20,5,May,2,2025,FY2025,Q2,No,No,134
20250515,2025-05-15,15,Thursday,20,5,May,2,2025,FY2025,Q2,No,No,135
20250516,2025-05-16,16,Friday,20,5,May,2,2025,FY2025,Q2,No,No,136
20250517,2025-05-17,17,Saturday,20,5,May,2,2025,FY2025,Q2,Yes,No,137
20250518,2025-05-18,18,Sunday,20,5,May,2,2025,FY2025,Q2,Yes,No,138
20250519,2025-05-19,19,Monday,21,5,May,2,2025,FY2025,Q2,No,No,139
20250520,2025-05-20,20,Tuesday,21,5,May,2,2025,FY2025,Q2,No,No,140
20250521,2025-05-21,21,Wednesday,21,5,May,2,2025,FY2025,Q2,No,No,141
20250522,2025-05-22,22,Thursday,21,5,May,2,2025,FY2025,Q2,No,No,142
20250523,2025-05-23,23,Friday,21,5,May,2,2025,FY2025,Q2,No,No,143
20250524,2025-05-24,24,Saturday,21,5,May,2,2025,FY2025,Q2,Yes,No,144
20250525,2025-05-25,25,Sunday,21,5,May,2,2025,FY2025,Q2,Yes,No,145
20250526,2025-05-26,26,Monday,22,5,May,2,2025,FY2025,Q2,No,No,146
20250527,2025-05-27,27,Tuesday,22,5,May,2,2025,FY2025,Q2,No,No,147
20250528,2025-05-28,28,Wednesday,22,5,May,2,2025,FY2025,Q2,No,No,148
20250529,2025-05-29,29,Thursday,22,5,May,2,2025,FY2025,Q2,No,No,149
20250530,2025-05-30,30,Friday,22,5,May,2,2025,FY2025,Q2,No,No,150
20250531,2025-05-31,31,Saturday,22,5,May,2,2025,FY2025,Q2,Yes,No,151
20250601,2025-06-01,1,Sunday,22,6,June,2,2025,FY2025,Q2,Yes,Yes,152
20250602,2025-06-02,2,Monday,23,6,June,2,2025,FY2025,Q2,No,No,153
20250603,2025-06-03,3,Tuesday,23,6,June,2,2025,FY2025,Q2,No,No,154
20250604,2025-06-04,4,Wednesday,23,6,June,2,2025,FY2025,Q2,No,No,155
20250605,2025-06-05,5,Thursday,23,6,June,2,2025,FY2025,Q2,No,No,156
20250606,2025-06-06,6,Friday,23,6,June,2,2025,FY2025,Q2,No,No,157
20250607,2025-06-07,7,Saturday,23,6,June,2,2025,FY2025,Q2,Yes,No,158
20250608,2025-06-08,8,Sunday,23,6,June,2,2025,FY2025,Q2,Yes,No,159
20250609,2025-06-09,9,Monday,24,6,June,2,2025,FY2025,Q2,No,No,160
20250610,2025-06-10,10,Tuesday,24,6,June,2,2025,FY2025,Q2,No,No,161
20250611,2025-06-11,11,Wednesday,24,6,June,2,2025,FY2025,Q2,No,No,162
20250612,2025-06-12,12,Thursday,24,6,June,2,2025,FY2025,Q2,No,No,163
20250613,2025-06-13,13,Friday,24,6,June,2,2025,FY2025,Q2,No,No,164
20250614,2025-06-14,14,Saturday,24,6,June,2,2025,FY2025,Q2,Yes,No,165
20250615,2025-06-15,15,Sunday,24,6,June,2,2025,FY2025,Q2,Yes,No,166
20250616,2025-06-16,16,Monday,25,6,June,2,2025,FY2025,Q2,No,No,167
20250617,2025-06-17,17,Tuesday,25,6,June,2,2025,FY2025,Q2,No,No,168
20250618,2025-06-18,18,Wednesday,25,6,June,2,2025,FY2025,Q2,No,No,169
20250619,2025-06-19,19,Thursday,25,6,June,2,2025,FY2025,Q2,No,No,170
20250620,2025-06-20,20,Friday,25,6,June,2,2025,FY2025,Q2,No,No,171
20250621,2025-06-21,21,Saturday,25,6,June,2,2025,FY2025,Q2,Yes,No,172
20250622,2025-06-22,22,Sunday,25,6,June,2,2025,FY2025,Q2,Yes,No,173
20250623,2025-06-23,23,Monday,26,6,June,2,2025,FY2025,Q2,No,No,174
20250624,2025-06-24,24,Tuesday,26,6,June,2,2025,FY2025,Q2,No,No,175
20250625,2025-06-25,25,Wednesday,26,6,June,2,2025,FY2025,Q2,No,No,176
20250626,2025-06-26,26,Thursday,26,6,June,2,2025,FY2025,Q2,No,No,177
20250627,2025-06-27,27,Friday,26,6,June,2,2025,FY2025,Q2,No,No,178
20250628,2025-06-28,28,Saturday,26,6,June,2,2025,FY2025,Q2,Yes,No,179
20250629,2025-06-29,29,Sunday,26,6,June,2,2025,FY2025,Q2,Yes,No,180
20250630,2025-06-30,30,Monday,27,6,June,2,2025,FY2025,Q2,No,No,181
20250701,2025-07-01,1,Tuesday,27,7,July,3,2025,FY2025,Q3,No,Yes,182
20250702,2025-07-02,2,Wednesday,27,7,July,3,2025,FY2025,Q3,No,No,183
20250703,2025-07-03,3,Thursday,27,7,July,3,2025,FY2025,Q3,No,No,184
20250704,2025-07-04,4,Friday,27,7,July,3,2025,FY2025,Q3,No,No,185
20250705,2025-07-05,5,Saturday,27,7,July,3,2025,FY2025,Q3,Yes,No,186
20250706,2025-07-06,6,Sunday,27,7,July,3,2025,FY2025,Q3,Yes,No,187
20250707,2025-07-07,7,Monday,28,7,July,3,2025,FY2025,Q3,No,No,188
20250708,2025-07-08,8,Tuesday,28,7,July,3,2025,FY2025,Q3,No,No,189
20250709,2025-07-09,9,Wednesday,28,7,July,3,2025,FY2025,Q3,No,No,190
20250710,2025-07-10,10,Thursday,28,7,July,3,2025,FY2025,Q3,No,No,191
20250711,2025-07-11,11,Friday,28,7,July,3,2025,FY2025,Q3,No,No,192
20250712,2025-07-12,12,Saturday,28,7,July,3,2025,FY2025,Q3,Yes,No,193
20250713,2025-07-13,13,Sunday,28,7,July,3,2025,FY2025,Q3,Yes,No,194
20250714,2025-07-14,14,Monday,29,7,July,3,2025,FY2025,Q3,No,No,195
20250715,2025-07-15,15,Tuesday,29,7,July,3,2025,FY2025,Q3,No,No,196
20250716,2025-07-16,16,Wednesday,29,7,July,3,2025,FY2025,Q3,No,No,197
20250717,2025-07-17,17,Thursday,29,7,July,3,2025,FY2025,Q3,No,No,198
20250718,2025-07-18,18,Friday,29,7,July,3,2025,FY2025,Q3,No,No,199
20250719,2025-07-19,19,Saturday,29,7,July,3,2025,FY2025,Q3,Yes,No,200
20250720,2025-07-20,20,Sunday,29,7,July,3,2025,FY2025,Q3,Yes,No,201
20250721,2025-07-21,21,Monday,30,7,July,3,2025,FY2025,Q3,No,No,202
20250722,2025-07-22,22,Tuesday,30,7,July,3,2025,FY2025,Q3,No,No,203
20250723,2025-07-23,23,Wednesday,30,7,July,3,2025,FY2025,Q3,No,No,204
20250724,2025-07-24,24,Thursday,30,7,July,3,2025,FY2025,Q3,No,No,205
20250725,2025-07-25,25,Friday,30,7,July,3,2025,FY2025,Q3,No,No,206
20250726,2025-07-26,26,Saturday,30,7,July,3,2025,FY2025,Q3,Yes,No,207
20250727,2025-07-27,27,Sunday,30,7,July,3,2025,FY2025,Q3,Yes,No,208
20250728,2025-07-28,28,Monday,31,7,July,3,2025,FY2025,Q3,No,No,209
20250729,2025-07-29,29,Tuesday,31,7,July,3,2025,FY2025,Q3,No,No,210
20250730,2025-07-30,30,Wednesday,31,7,July,3,2025,FY2025,Q3,No,No,211
20250731,2025-07-31,31,Thursday,31,7,July,3,2025,FY2025,Q3,No,No,212
20250801,2025-08-01,1,Friday,31,8,August,3,2025,FY2025,Q3,No,Yes,213
20250802,2025-08-02,2,Saturday,31,8,August,3,2025,FY2025,Q3,Yes,No,214
20250803,2025-08-03,3,Sunday,31,8,August,3,2025,FY2025,Q3,Yes,No,215
20250804,2025-08-04,4,Monday,32,8,August,3,2025,FY2025,Q3,No,No,216
20250805,2025-08-05,5,Tuesday,32,8,August,3,2025,FY2025,Q3,No,No,217
20250806,2025-08-06,6,Wednesday,32,8,August,3,2025,FY2025,Q3,No,No,218
20250807,2025-08-07,7,Thursday,32,8,August,3,2025,FY2025,Q3,No,No,219
20250808,2025-08-08,8,Friday,32,8,August,3,2025,FY2025,Q3,No,No,220
20250809,2025-08-09,9,Saturday,32,8,August,3,2025,FY2025,Q3,Yes,No,221
20250810,2025-08-10,10,Sunday,32,8,August,3,2025,FY2025,Q3,Yes,No,222
20250811,2025-08-11,11,Monday,33,8,August,3,2025,FY2025,Q3,No,No,223
20250812,2025-08-12,12,Tuesday,33,8,August,3,2025,FY2025,Q3,No,No,224
20250813,2025-08-13,13,Wednesday,33,8,August,3,2025,FY2025,Q3,No,No,225
20250814,2025-08-14,14,Thursday,33,8,August,3,2025,FY2025,Q3,No,No,226
20250815,2025-08-15,15,Friday,33,8,August,3,2025,FY2025,Q3,No,No,227
20250816,2025-08-16,16,Saturday,33,8,August,3,2025,FY2025,Q3,Yes,No,228
20250817,2025-08-17,17,Sunday,33,8,August,3,2025,FY2025,Q3,Yes,No,229
20250818,2025-08-18,18,Monday,34,8,August,3,2025,FY2025,Q3,No,No,230
20250819,2025-08-19,19,Tuesday,34,8,August,3,2025,FY2025,Q3,No,No,231
20250820,2025-08-20,20,Wednesday,34,8,August,3,2025,FY2025,Q3,No,No,232
20250821,2025-08-21,21,Thursday,34,8,August,3,2025,FY2025,Q3,No,No,233
20250822,2025-08-22,22,Friday,34,8,August,3,2025,FY2025,Q3,No,No,234
20250823,2025-08-23,23,Saturday,34,8,August,3,2025,FY2025,Q3,Yes,No,235
20250824,2025-08-24,24,Sunday,34,8,August,3,2025,FY2025,Q3,Yes,No,236
20250825,2025-08-25,25,Monday,35,8,August,3,2025,FY2025,Q3,No,No,237
20250826,2025-08-26,26,Tuesday,35,8,August,3,2025,FY2025,Q3,No,No,238
20250827,2025-08-27,27,Wednesday,35,8,August,3,2025,FY2025,Q3,No,No,239
20250828,2025-08-28,28,Thursday,35,8,August,3,2025,FY2025,Q3,No,No,240
20250829,2025-08-29,29,Friday,35,8,August,3,2025,FY2025,Q3,No,No,241
20250830,2025-08-30,30,Saturday,35,8,August,3,2025,FY2025,Q3,Yes,No,242
20250831,2025-08-31,31,Sunday,35,8,August,3,2025,FY2025,Q3,Yes,No,243
20250901,2025-09-01,1,Monday,36,9,September,3,2025,FY2025,Q3,No,Yes,244
20250902,2025-09-02,2,Tuesday,36,9,September,3,2025,FY2025,Q3,No,No,245
20250903,2025-09-03,3,Wednesday,36,9,September,3,2025,FY2025,Q3,No,No,246
20250904,2025-09-04,4,Thursday,36,9,September,3,2025,FY2025,Q3,No,No,247
20250905,2025-09-05,5,Friday,36,9,September,3,2025,FY2025,Q3,No,No,248
20250906,2025-09-06,6,Saturday,36,9,September,3,2025,FY2025,Q3,Yes,No,249
20250907,2025-09-07,7,Sunday,36,9,September,3,2025,FY2025,Q3,Yes,No,250
20250908,2025-09-08,8,Monday,37,9,September,3,2025,FY2025,Q3,No,No,251
20250909,2025-09-09,9,Tuesday,37,9,September,3,2025,FY2025,Q3,No,No,252
20250910,2025-09-10,10,Wednesday,37,9,September,3,2025,FY2025,Q3,No,No,253
20250911,2025-09-11,11,Thursday,37,9,September,3,2025,FY2025,Q3,No,No,254
20250912,2025-09-12,12,Friday,37,9,September,3,2025,FY2025,Q3,No,No,255
20250913,2025-09-13,13,Saturday,37,9,September,3,2025,FY2025,Q3,Yes,No,256
20250914,2025-09-14,14,Sunday,37,9,September,3,2025,FY2025,Q3,Yes,No,257
20250915,2025-09-15,15,Monday,38,9,September,3,2025,FY2025,Q3,No,No,258
20250916,2025-09-16,16,Tuesday,38,9,September,3,2025,FY2025,Q3,No,No,259
20250917,2025-09-17,17,Wednesday,38,9,September,3,2025,FY2025,Q3,No,No,260
20250918,2025-09-18,18,Thursday,38,9,September,3,2025,FY2025,Q3,No,No,261
20250919,2025-09-19,19,Friday,38,9,September,3,2025,FY2025,Q3,No,No,262
20250920,2025-09-20,20,Saturday,38,9,September,3,2025,FY2025,Q3,Yes,No,263
20250921,2025-09-21,21,Sunday,38,9,September,3,2025,FY2025,Q3,Yes,No,264
20250922,2025-09-22,22,Monday,39,9,September,3,2025,FY2025,Q3,No,No,265
20250923,2025-09-23,23,Tuesday,39,9,September,3,2025,FY2025,Q3,No,No,266
20250924,2025-09-24,24,Wednesday,39,9,September,3,2025,FY2025,Q3,No,No,267
20250925,2025-09-25,25,Thursday,39,9,September,3,2025,FY2025,Q3,No,No,268
20250926,2025-09-26,26,Friday,39,9,September,3,2025,FY2025,Q3,No,No,269
20250927,2025-09-27,27,Saturday,39,9,September,3,2025,FY2025,Q3,Yes,No,270
20250928,2025-09-28,28,Sunday,39,9,September,3,2025,FY2025,Q3,Yes,No,271
20250929,2025-09-29,29,Monday,40,9,September,3,2025,FY2025,Q3,No,No,272
20250930,2025-09-30,30,Tuesday,40,9,September,3,2025,FY2025,Q3,No,No,273
20251001,2025-10-01,1,Wednesday,40,10,October,4,2025,FY2025,Q4,No,Yes,274
20251002,2025-10-02,2,Thursday,40,10,October,4,2025,FY2025,Q4,No,No,275
20251003,2025-10-03,3,Friday,40,10,October,4,2025,FY2025,Q4,No,No,276
20251004,2025-10-04,4,Saturday,40,10,October,4,2025,FY2025,Q4,Yes,No,277
20251005,2025-10-05,5,Sunday,40,10,October,4,2025,FY2025,Q4,Yes,No,278
20251006,2025-10-06,6,Monday,41,10,October,4,2025,FY2025,Q4,No,No,279
20251007,2025-10-07,7,Tuesday,41,10,October,4,2025,FY2025,Q4,No,No,280
20251008,2025-10-08,8,Wednesday,41,10,October,4,2025,FY2025,Q4,No,No,281
20251009,2025-10-09,9,Thursday,41,10,October,4,2025,FY2025,Q4,No,No,282
20251010,2025-10-10,10,Friday,41,10,October,4,2025,FY2025,Q4,No,No,283
20251011,2025-10-11,11,Saturday,41,10,October,4,2025,FY2025,Q4,Yes,No,284
20251012,2025-10-12,12,Sunday,41,10,October,4,2025,FY2025,Q4,Yes,No,285
20251013,2025-10-13,13,Monday,42,10,October,4,2025,FY2025,Q4,No,No,286
20251014,2025-10-14,14,Tuesday,42,10,October,4,2025,FY2025,Q4,No,No,287
20251015,2025-10-15,15,Wednesday,42,10,October,4,2025,FY2025,Q4,No,No,288
20251016,2025-10-16,16,Thursday,42,10,October,4,2025,FY2025,Q4,No,No,289
20251017,2025-10-17,17,Friday,42,10,October,4,2025,FY2025,Q4,No,No,290
20251018,2025-10-18,18,Saturday,42,10,October,4,2025,FY2025,Q4,Yes,No,291
20251019,2025-10-19,19,Sunday,42,10,October,4,2025,FY2025,Q4,Yes,No,292
20251020,2025-10-20,20,Monday,43,10,October,4,2025,FY2025,Q4,No,No,293
20251021,2025-10-21,21,Tuesday,43,10,October,4,2025,FY2025,Q4,No,No,294
20251022,2025-10-22,22,Wednesday,43,10,October,4,2025,FY2025,Q4,No,No,295
20251023,2025-10-23,23,Thursday,43,10,October,4,2025,FY2025,Q4,No,No,296
20251024,2025-10-24,24,Friday,43,10,October,4,2025,FY2025,Q4,No,No,297
20251025,2025-10-25,25,Saturday,43,10,October,4,2025,FY2025,Q4,Yes,No,298
20251026,2025-10-26,26,Sunday,43,10,October,4,2025,FY2025,Q4,Yes,No,299
20251027,2025-10-27,27,Monday,44,10,October,4,2025,FY2025,Q4,No,No,300
20251028,2025-10-28,28,Tuesday,44,10,October,4,2025,FY2025,Q4,No,No,301
20251029,2025-10-29,29,Wednesday,44,10,October,4,2025,FY2025,Q4,No,No,302
20251030,2025-10-30,30,Thursday,44,10,October,4,2025,FY2025,Q4,No,No,303
20251031,2025-10-31,31,Friday,44,10,October,4,2025,FY2025,Q4,No,No,304
20251101,2025-11-01,1,Saturday,44,11,November,4,2025,FY2025,Q4,Yes,Yes,305
20251102,2025-11-02,2,Sunday,44,11,November,4,2025,FY2025,Q4,Yes,No,306
20251103,2025-11-03,3,Monday,45,11,November,4,2025,FY2025,Q4,No,No,307
20251104,2025-11-04,4,Tuesday,45,11,November,4,2025,FY2025,Q4,No,No,308
20251105,2025-11-05,5,Wednesday,45,11,November,4,2025,FY2025,Q4,No,No,309
20251106,2025-11-06,6,Thursday,45,11,November,4,2025,FY2025,Q4,No,No,310
20251107,2025-11-07,7,Friday,45,11,November,4,2025,FY2025,Q4,No,No,311
20251108,2025-11-08,8,Saturday,45,11,November,4,2025,FY2025,Q4,Yes,No,312
20251109,2025-11-09,9,Sunday,45,11,November,4,2025,FY2025,Q4,Yes,No,313
20251110,2025-11-10,10,Monday,46,11,November,4,2025,FY2025,Q4,No,No,314
20251111,2025-11-11,11,Tuesday,46,11,November,4,2025,FY2025,Q4,No,No,315
20251112,2025-11-12,12,Wednesday,46,11,November,4,2025,FY2025,Q4,No,No,316
20251113,2025-11-13,13,Thursday,46,11,November,4,2025,FY2025,Q4,No,No,317
20251114,2025-11-14,14,Friday,46,11,November,4,2025,FY2025,Q4,No,No,318
20251115,2025-11-15,15,Saturday,46,11,November,4,2025,FY2025,Q4,Yes,No,319
20251116,2025-11-16,16,Sunday,46,11,November,4,2025,FY2025,Q4,Yes,No,320
20251117,2025-11-17,17,Monday,47,11,November,4,2025,FY2025,Q4,No,No,321
20251118,2025-11-18,18,Tuesday,47,11,November,4,2025,FY2025,Q4,No,No,322
20251119,2025-11-19,19,Wednesday,47,11,November,4,2025,FY2025,Q4,No,No,323
20251120,2025-11-20,20,Thursday,47,11,November,4,2025,FY2025,Q4,No,No,324
20251121,2025-11-21,21,Friday,47,11,November,4,2025,FY2025,Q4,No,No,325
20251122,2025-11-22,22,Saturday,47,11,November,4,2025,FY2025,Q4,Yes,No,326
20251123,2025-11-23,23,Sunday,47,11,November,4,2025,FY2025,Q4,Yes,No,327
20251124,2025-11-24,24,Monday,48,11,November,4,2025,FY2025,Q4,No,No,328
20251125,2025-11-25,25,Tuesday,48,11,November,4,2025,FY2025,Q4,No,No,329
20251126,2025-11-26,26,Wednesday,48,11,November,4,2025,FY2025,Q4,No,No,330
20251127,2025-11-27,27,Thursday,48,11,November,4,2025,FY2025,Q4,No,No,331
20251128,2025-11-28,28,Friday,48,11,November,4,2025,FY2025,Q4,No,No,332
20251129,2025-11-29,29,Saturday,48,11,November,4,2025,FY2025,Q4,Yes,No,333
20251130,2025-11-30,30,Sunday,48,11,November,4,2025,FY2025,Q4,Yes,No,334
20251201,2025-12-01,1,Monday,49,12,December,4,2025,FY2025,Q4,No,Yes,335
20251202,2025-12-02,2,Tuesday,49,12,December,4,2025,FY2025,Q4,No,No,336
20251203,2025-12-03,3,Wednesday,49,12,December,4,2025,FY2025,Q4,No,No,337
20251204,2025-12-04,4,Thursday,49,12,December,4,2025,FY2025,Q4,No,No,338
20251205,2025-12-05,5,Friday,49,12,December,4,2025,FY2025,Q4,No,No,339
20251206,2025-12-06,6,Saturday,49,12,December,4,2025,FY2025,Q4,Yes,No,340
20251207,2025-12-07,7,Sunday,49,12,December,4,2025,FY2025,Q4,Yes,No,341
20251208,2025-12-08,8,Monday,50,12,December,4,2025,FY2025,Q4,No,No,342
20251209,2025-12-09,9,Tuesday,50,12,December,4,2025,FY2025,Q4,No,No,343
20251210,2025-12-10,10,Wednesday,50,12,December,4,2025,FY2025,Q4,No,No,344
20251211,2025-12-11,11,Thursday,50,12,December,4,2025,FY2025,Q4,No,No,345
20251212,2025-12-12,12,Friday,50,12,December,4,2025,FY2025,Q4,No,No,346
20251213,2025-12-13,13,Saturday,50,12,December,4,2025,FY2025,Q4,Yes,No,347
20251214,2025-12-14,14,Sunday,50,12,December,4,2025,FY2025,Q4,Yes,No,348
20251215,2025-12-15,15,Monday,51,12,December,4,2025,FY2025,Q4,No,No,349
20251216,2025-12-16,16,Tuesday,51,12,December,4,2025,FY2025,Q4,No,No,350
20251217,2025-12-17,17,Wednesday,51,12,December,4,2025,FY2025,Q4,No,No,351
20251218,2025-12-18,18,Thursday,51,12,December,4,2025,FY2025,Q4,No,No,352
20251219,2025-12-19,19,Friday,51,12,December,4,2025,FY2025,Q4,No,No,353
20251220,2025-12-20,20,Saturday,51,12,December,4,2025,FY2025,Q4,Yes,No,354
20251221,2025-12-21,21,Sunday,51,12,December,4,2025,FY2025,Q4,Yes,No,355
20251222,2025-12-22,22,Monday,52,12,December,4,2025,FY2025,Q4,No,No,356
20251223,2025-12-23,23,Tuesday,52,12,December,4,2025,FY2025,Q4,No,No,357
20251224,2025-12-24,24,Wednesday,52,12,December,4,2025,FY2025,Q4,No,No,358
20251225,2025-12-25,25,Thursday,52,12,December,4,2025,FY2025,Q4,No,No,359
20251226,2025-12-26,26,Friday,52,12,December,4,2025,FY2025,Q4,No,No,360
20251227,2025-12-27,27,Saturday,52,12,December,4,2025,FY2025,Q4,Yes,No,361
20251228,2025-12-28,28,Sunday,52,12,December,4,2025,FY2025,Q4,Yes,No,362
20251229,2025-12-29,29,Monday,1,12,December,4,2025,FY2025,Q4,No,No,363
20251230,2025-12-30,30,Tuesday,1,12,December,4,2025,FY2025,Q4,No,No,364
20251231,2025-12-31,31,Wednesday,1,12,December,4,2025,FY2025,Q4,No,No,365
