Inventory_ID,Hospital_ID,Warehouse_ID,Product_ID,Current_Stock,Reorder_Level,Safety_Stock,Maximum_Stock,Inventory_Value,Stock_Status
INV000001,H001,WH001,P0252,114,137,30,685,776.34,Low Stock
INV000002,H001,WH001,P0375,0,141,75,705,0.0,Out of Stock
INV000003,H001,WH001,P0350,759,189,80,945,9737.97,In Stock
INV000004,H001,WH001,P0001,281,186,16,930,5400.82,In Stock
INV000005,H001,WH001,P0080,250,163,35,815,15487.5,In Stock
INV000006,H001,WH001,P0214,228,87,98,435,2070.24,In Stock
INV000007,H001,WH001,P0145,4,149,67,745,371995.68,Low Stock
INV000008,H001,WH001,P0134,754,141,42,705,1100312.2,In Stock
INV000009,H001,WH001,P0160,3,161,80,805,990262.47,Low Stock
INV000010,H001,WH001,P0341,17,92,37,460,325686821.95,Low Stock
INV000011,H001,WH001,P0478,89,134,30,670,4264.88,Low Stock
INV000012,H001,WH001,P0039,604,177,13,885,361675.2,In Stock
INV000013,H001,WH001,P0362,432,148,90,740,8994.24,In Stock
INV000014,H001,WH001,P0052,32,69,98,345,8823.68,Low Stock
INV000015,H001,WH001,P0262,30,58,41,290,14979.6,Low Stock
INV000016,H001,WH001,P0149,95,147,72,735,142817.3,Low Stock
INV000017,H001,WH001,P0469,223,170,82,850,4977.36,In Stock
INV000018,H001,WH001,P0089,238,24,53,153,2327.64,In Stock
INV000019,H001,WH001,P0361,16,23,61,161,3627212.16,Low Stock
INV000020,H001,WH001,P0407,616,127,96,635,8821.12,In Stock
INV000021,H001,WH001,P0021,27,37,21,185,375.84,Low Stock
INV000022,H001,WH001,P0135,574,80,36,400,105329.0,In Stock
INV000023,H001,WH001,P0238,6,134,87,670,9755793.18,Low Stock
INV000024,H001,WH001,P0367,733,100,43,500,16910.31,In Stock
INV000025,H001,WH001,P0184,665,198,24,990,54702.9,In Stock
INV000026,H001,WH001,P0170,718,101,40,505,699834.6,In Stock
INV000027,H001,WH001,P0167,558,148,73,740,14234.58,In Stock
INV000028,H001,WH001,P0118,429,20,52,152,24637.47,In Stock
INV000029,H001,WH001,P0209,7,69,51,345,11867508.38,Low Stock
INV000030,H001,WH001,P0458,459,72,42,360,293222.97,In Stock
INV000031,H001,WH001,P0420,18,32,61,161,4417960.68,Low Stock
INV000032,H001,WH001,P0195,284,99,34,495,285482.48,In Stock
INV000033,H001,WH001,P0050,828,78,35,390,213392.16,In Stock
INV000034,H001,WH001,P0485,0,85,59,425,0.0,Out of Stock
INV000035,H001,WH001,P0449,777,175,11,875,48477.03,In Stock
INV000036,H001,WH001,P0354,5,97,100,485,3745229.65,Low Stock
INV000037,H001,WH001,P0418,714,170,91,850,11209.8,In Stock
INV000038,H001,WH001,P0489,432,134,22,670,5382.72,In Stock
INV000039,H001,WH001,P0075,348,30,22,150,147639.0,In Stock
INV000040,H001,WH001,P0036,284,35,34,175,363951.68,In Stock
INV000041,H001,WH001,P0278,4,60,51,300,65370786.0,Low Stock
INV000042,H001,WH001,P0190,220,69,73,345,7695.6,In Stock
INV000043,H001,WH001,P0005,10,164,25,820,10518749.5,Low Stock
INV000044,H001,WH001,P0492,3,113,28,565,298961.31,Low Stock
INV000045,H001,WH001,P0400,94,132,95,660,9708.32,Low Stock
INV000046,H001,WH001,P0155,389,112,64,560,464038.1,In Stock
INV000047,H001,WH001,P0471,3,175,26,875,631296.96,Low Stock
INV000048,H001,WH001,P0343,367,180,51,900,68408.8,In Stock
INV000049,H001,WH001,P0003,867,29,21,145,654454.95,In Stock
INV000050,H001,WH001,P0141,352,192,72,960,7557.44,In Stock
INV000051,H001,WH001,P0403,19,56,99,280,3028714.19,Low Stock
INV000052,H001,WH001,P0496,270,105,31,525,23133.6,In Stock
INV000053,H001,WH001,P0123,826,188,86,940,20707.82,In Stock
INV000054,H001,WH001,P0294,44,47,76,235,25676.64,Low Stock
INV000055,H001,WH001,P0187,747,100,92,500,89423.37,In Stock
INV000056,H001,WH001,P0325,470,198,18,990,150785.4,In Stock
INV000057,H001,WH001,P0479,549,64,14,320,10700.01,In Stock
INV000058,H001,WH001,P0071,3,132,33,660,3491133.36,Low Stock
INV000059,H001,WH001,P0334,996,27,65,165,57519.0,In Stock
INV000060,H001,WH001,P0486,944,63,66,315,1109181.12,In Stock
INV000061,H001,WH001,P0274,387,187,27,935,261623.61,In Stock
INV000062,H001,WH001,P0117,80,82,14,410,1554.4,Low Stock
INV000063,H001,WH001,P0169,17,69,41,345,2585820.53,Low Stock
INV000064,H001,WH001,P0282,300,61,91,305,119841.0,In Stock
INV000065,H001,WH001,P0162,20,184,46,920,325800402.8,Low Stock
INV000066,H001,WH001,P0083,19,191,48,955,2599537.82,Low Stock
INV000067,H001,WH001,P0261,906,122,76,610,559482.18,In Stock
INV000068,H001,WH001,P0025,11,35,37,175,74320806.12,Low Stock
INV000069,H001,WH001,P0095,18,151,83,755,2778383.34,Low Stock
INV000070,H001,WH001,P0424,196,74,15,370,11522.84,In Stock
INV000071,H001,WH001,P0244,721,146,80,730,33331.83,In Stock
INV000072,H001,WH001,P0332,71,102,87,510,3114.77,Low Stock
INV000073,H001,WH001,P0093,46,30,33,150,40666.76,In Stock
INV000074,H001,WH001,P0495,677,59,13,295,49732.42,In Stock
INV000075,H001,WH001,P0459,7,118,68,590,113869025.48,Low Stock
INV000076,H001,WH001,P0331,791,109,42,545,8985.76,In Stock
INV000077,H001,WH001,P0198,9,190,17,950,1358054.46,Low Stock
INV000078,H001,WH001,P0465,81,146,57,730,646.38,Low Stock
INV000079,H001,WH001,P0460,7,110,18,550,4298078.96,Low Stock
INV000080,H001,WH001,P0392,887,118,17,590,6466.23,In Stock
INV000081,H001,WH001,P0433,103,172,85,860,83855.39,Low Stock
INV000082,H001,WH001,P0300,389,172,92,860,127619.23,In Stock
INV000083,H001,WH001,P0270,284,141,61,705,147265.36,In Stock
INV000084,H001,WH001,P0049,464,176,34,880,174561.44,In Stock
INV000085,H001,WH001,P0018,20,107,29,535,3158825.6,Low Stock
INV000086,H001,WH001,P0298,854,36,91,191,74579.82,In Stock
INV000087,H001,WH001,P0054,373,78,70,390,2316.33,In Stock
INV000088,H001,WH001,P0027,166,134,61,670,2478.38,In Stock
INV000089,H001,WH001,P0483,379,70,96,350,173009.71,In Stock
INV000090,H001,WH001,P0337,363,20,77,177,3898.62,In Stock
INV000091,H001,WH001,P0053,6,134,54,670,116086356.9,Low Stock
INV000092,H001,WH001,P0456,686,117,35,585,919226.28,In Stock
INV000093,H001,WH001,P0384,8,77,28,385,1513391.04,Low Stock
INV000094,H001,WH001,P0475,20,36,86,186,4820497.2,Low Stock
INV000095,H001,WH001,P0428,73,67,63,335,8358.5,In Stock
INV000096,H001,WH001,P0010,623,115,22,575,197484.77,In Stock
INV000097,H001,WH001,P0004,20,81,21,405,4323591.8,Low Stock
INV000098,H001,WH001,P0364,175,130,99,650,26456.5,In Stock
INV000099,H001,WH001,P0463,546,199,47,995,17220.84,In Stock
INV000100,H001,WH001,P0233,7,45,93,225,5605566.61,Low Stock
INV000101,H001,WH001,P0470,167,129,22,645,5961.9,In Stock
INV000102,H001,WH001,P0329,473,142,22,710,768653.38,In Stock
INV000103,H001,WH001,P0179,388,134,41,670,130589.16,In Stock
INV000104,H001,WH001,P0246,276,187,30,935,14009.76,In Stock
INV000105,H001,WH001,P0291,947,126,75,630,27425.12,In Stock
INV000106,H001,WH001,P0070,655,156,29,780,15294.25,In Stock
INV000107,H001,WH001,P0114,704,149,95,745,1031521.92,In Stock
INV000108,H001,WH001,P0335,17,108,70,540,25583872.05,Low Stock
INV000109,H001,WH001,P0034,224,136,97,680,4323.2,In Stock
INV000110,H001,WH001,P0271,701,130,56,650,607851.12,In Stock
INV000111,H001,WH001,P0242,332,22,51,151,14295.92,In Stock
INV000112,H001,WH001,P0255,863,153,31,765,410926.08,In Stock
INV000113,H001,WH001,P0444,786,144,87,720,77310.96,In Stock
INV000114,H001,WH001,P0243,1,67,89,335,276013.54,Low Stock
INV000115,H001,WH001,P0497,234,136,71,680,18551.52,In Stock
INV000116,H001,WH001,P0175,1,75,21,375,1187993.41,Low Stock
INV000117,H001,WH001,P0307,10,126,88,630,13418757.2,Low Stock
INV000118,H001,WH001,P0113,410,61,17,305,110683.6,In Stock
INV000119,H001,WH001,P0411,274,180,26,900,111430.32,In Stock
INV000120,H001,WH001,P0153,67,50,35,250,1089.42,In Stock
INV000121,H001,WH001,P0046,6,155,48,775,10130337.12,Low Stock
INV000122,H001,WH001,P0410,935,144,28,720,553304.95,In Stock
INV000123,H001,WH001,P0310,18,139,20,695,5655950.46,Low Stock
INV000124,H001,WH001,P0033,897,176,82,880,468521.04,In Stock
INV000125,H001,WH001,P0103,735,99,90,495,32362.05,In Stock
INV000126,H001,WH001,P0292,322,145,39,725,5934.46,In Stock
INV000127,H001,WH001,P0043,217,107,43,535,10170.79,In Stock
INV000128,H001,WH001,P0472,671,71,33,355,72132.5,In Stock
INV000129,H001,WH001,P0030,15,58,20,290,5104172.7,Low Stock
INV000130,H001,WH001,P0272,405,30,91,191,648923.4,In Stock
INV000131,H001,WH001,P0056,905,184,20,920,4561.2,In Stock
INV000132,H001,WH001,P0132,20,145,43,725,27697268.6,Low Stock
INV000133,H001,WH001,P0133,469,148,78,740,247852.43,In Stock
INV000134,H001,WH001,P0208,146,70,57,350,123991.96,In Stock
INV000135,H001,WH001,P0040,271,58,91,290,453743.43,In Stock
INV000136,H001,WH001,P0206,142,163,36,815,1604.6,Low Stock
INV000137,H001,WH001,P0213,252,175,53,875,14011.2,In Stock
INV000138,H001,WH001,P0267,762,134,74,670,34701.48,In Stock
INV000139,H001,WH001,P0314,574,195,76,975,29274.0,In Stock
INV000140,H001,WH001,P0500,551,130,43,650,132642.23,In Stock
INV000141,H001,WH001,P0345,269,97,43,485,4476.16,In Stock
INV000142,H001,WH001,P0290,764,20,14,114,12774.08,In Stock
INV000143,H001,WH001,P0166,598,50,31,250,22753.9,In Stock
INV000144,H001,WH001,P0128,13,194,98,970,220603601.53,Low Stock
INV000145,H001,WH001,P0098,919,86,20,430,105749.33,In Stock
INV000146,H001,WH001,P0398,597,191,80,955,385769.46,In Stock
INV000147,H001,WH001,P0073,408,162,17,810,227570.16,In Stock
INV000148,H001,WH001,P0288,11,177,16,885,1310188.44,Low Stock
INV000149,H001,WH001,P0023,224,92,59,460,20556.48,In Stock
INV000150,H001,WH001,P0372,141,145,23,725,2350.47,Low Stock
INV000151,H001,WH001,P0480,521,161,13,805,60066.09,In Stock
INV000152,H001,WH001,P0493,505,66,67,330,4201.6,In Stock
INV000153,H001,WH001,P0102,93,48,30,240,25861.44,In Stock
INV000154,H001,WH001,P0105,1,89,54,445,1373804.36,Low Stock
INV000155,H001,WH001,P0063,881,25,11,125,534441.03,In Stock
INV000156,H001,WH001,P0452,112,102,43,510,39543.84,In Stock
INV000157,H001,WH001,P0374,4,167,68,835,3810678.96,Low Stock
INV000158,H001,WH001,P0140,642,144,44,720,165700.2,In Stock
INV000159,H001,WH001,P0353,5,198,40,990,946295.8,Low Stock
INV000160,H001,WH001,P0044,13,61,76,305,2871770.33,Low Stock
INV000161,H001,WH001,P0413,610,92,65,460,235758.9,In Stock
INV000162,H001,WH001,P0409,65,194,52,970,20168.2,Low Stock
INV000163,H001,WH001,P0396,394,67,67,335,543125.06,In Stock
INV000164,H001,WH001,P0263,390,30,81,181,99024.9,In Stock
INV000165,H001,WH001,P0251,19,128,24,640,6220125.57,Low Stock
INV000166,H001,WH001,P0415,479,105,74,525,8344.18,In Stock
INV000167,H001,WH001,P0302,541,31,17,155,16181.31,In Stock
INV000168,H001,WH001,P0230,257,82,40,410,11914.52,In Stock
INV000169,H001,WH001,P0136,994,146,58,730,64003.66,In Stock
INV000170,H001,WH001,P0129,566,30,27,150,16951.7,In Stock
INV000171,H001,WH001,P0265,881,160,90,800,1048249.04,In Stock
INV000172,H001,WH001,P0161,965,125,67,625,60959.05,In Stock
INV000173,H001,WH001,P0163,0,160,26,800,0.0,Out of Stock
INV000174,H001,WH001,P0412,696,107,70,535,4468.32,In Stock
INV000175,H001,WH001,P0402,738,162,17,810,5749.02,In Stock
INV000176,H001,WH001,P0365,3,185,63,925,41434207.77,Low Stock
INV000177,H001,WH001,P0482,698,34,22,170,147745.66,In Stock
INV000178,H001,WH001,P0112,906,38,90,190,650951.94,In Stock
INV000179,H001,WH001,P0440,549,41,47,205,9118.89,In Stock
INV000180,H001,WH001,P0306,8,175,92,875,1327113.6,Low Stock
INV000181,H001,WH001,P0076,20,27,18,135,21756574.0,Low Stock
INV000182,H001,WH001,P0211,10,180,61,900,1770430.0,Low Stock
INV000183,H001,WH001,P0068,114,137,94,685,868.68,Low Stock
INV000184,H001,WH001,P0346,9,148,31,740,2945516.49,Low Stock
INV000185,H001,WH001,P0481,445,151,100,755,10404.1,In Stock
INV000186,H001,WH001,P0142,161,138,69,690,15570.31,In Stock
INV000187,H001,WH001,P0064,464,154,27,770,272321.6,In Stock
INV000188,H001,WH001,P0431,0,50,63,250,0.0,Out of Stock
INV000189,H001,WH001,P0097,976,128,19,640,682995.04,In Stock
INV000190,H001,WH001,P0439,8,67,16,335,1637638.08,Low Stock
INV000191,H001,WH001,P0317,995,119,52,595,277346.3,In Stock
INV000192,H001,WH001,P0423,16,177,28,885,20724194.08,Low Stock
INV000193,H001,WH001,P0406,780,190,47,950,8899.8,In Stock
INV000194,H001,WH001,P0296,5,113,89,565,35029503.25,Low Stock
INV000195,H001,WH001,P0259,519,183,38,915,132936.66,In Stock
INV000196,H001,WH001,P0369,934,84,64,420,213101.44,In Stock
INV000197,H001,WH001,P0055,108,179,88,895,4348.08,Low Stock
INV000198,H001,WH001,P0087,891,200,65,1000,61577.01,In Stock
INV000199,H001,WH001,P0057,640,71,71,355,11654.4,In Stock
INV000200,H001,WH001,P0094,305,193,43,965,30640.3,In Stock
INV000201,H001,WH001,P0139,861,179,82,895,7585.41,In Stock
INV000202,H001,WH001,P0499,654,50,42,250,35054.4,In Stock
INV000203,H001,WH001,P0174,519,52,97,260,44602.86,In Stock
INV000204,H001,WH001,P0326,623,71,78,355,38420.41,In Stock
INV000205,H001,WH001,P0473,6,33,14,165,835445.82,Low Stock
INV000206,H001,WH001,P0416,156,72,93,360,17135.04,In Stock
INV000207,H001,WH001,P0301,11,152,73,760,128219449.27,Low Stock
INV000208,H001,WH001,P0072,5,58,32,290,25294936.15,Low Stock
INV000209,H001,WH001,P0088,17,127,35,635,17424195.56,Low Stock
INV000210,H001,WH001,P0280,976,73,85,365,78255.68,In Stock
INV000211,H001,WH001,P0322,16,164,31,820,220479751.36,Low Stock
INV000212,H001,WH001,P0126,940,154,74,770,40326.0,In Stock
INV000213,H001,WH001,P0464,0,123,76,615,0.0,Out of Stock
INV000214,H001,WH001,P0104,613,94,67,470,50566.37,In Stock
INV000215,H001,WH001,P0223,331,161,79,805,479801.05,In Stock
INV000216,H001,WH001,P0037,500,61,24,305,892335.0,In Stock
INV000217,H001,WH001,P0447,19,142,59,710,12526.89,Low Stock
INV000218,H001,WH001,P0228,114,95,47,475,7396.32,In Stock
INV000219,H001,WH001,P0393,951,55,77,275,1548132.9,In Stock
INV000220,H001,WH001,P0466,371,40,29,200,2641.52,In Stock
INV000221,H001,WH001,P0421,899,68,70,340,43763.32,In Stock
INV000222,H001,WH001,P0338,851,21,54,154,31742.3,In Stock
INV000223,H001,WH001,P0086,826,144,30,720,237995.38,In Stock
INV000224,H001,WH001,P0062,314,188,54,940,5312.88,In Stock
INV000225,H001,WH001,P0207,7,99,65,495,1414173.04,Low Stock
INV000226,H001,WH001,P0276,1,62,97,310,128939.87,Low Stock
INV000227,H001,WH001,P0266,246,98,84,490,70798.8,In Stock
INV000228,H001,WH001,P0181,899,41,80,205,19849.92,In Stock
INV000229,H001,WH001,P0014,18,83,33,415,2546442.0,Low Stock
INV000230,H001,WH001,P0467,969,91,76,455,13527.24,In Stock
INV000231,H001,WH001,P0414,80,94,47,470,907.2,Low Stock
INV000232,H001,WH001,P0264,87,190,51,950,1753.05,Low Stock
INV000233,H001,WH001,P0437,749,75,25,375,17159.59,In Stock
INV000234,H001,WH001,P0124,15,146,29,730,4436874.15,Low Stock
INV000235,H001,WH001,P0283,835,63,43,315,78798.95,In Stock
INV000236,H001,WH001,P0130,70,116,67,580,2691.5,Low Stock
INV000237,H001,WH001,P0391,17,41,94,205,4477352.9,Low Stock
INV000238,H001,WH001,P0226,4,134,32,670,992133.84,Low Stock
INV000239,H001,WH001,P0358,131,58,28,290,2830.91,In Stock
INV000240,H001,WH001,P0009,675,163,97,815,405978.75,In Stock
INV000241,H001,WH001,P0058,486,42,60,210,258576.3,In Stock
INV000242,H001,WH001,P0193,969,112,97,560,627824.79,In Stock
INV000243,H001,WH001,P0443,562,119,49,595,172736.32,In Stock
INV000244,H001,WH001,P0204,169,104,66,520,10503.35,In Stock
INV000245,H001,WH001,P0026,271,121,60,605,75701.14,In Stock
INV000246,H001,WH001,P0253,540,184,60,920,140205.6,In Stock
INV000247,H001,WH001,P0199,19,120,16,600,136719170.39,Low Stock
INV000248,H001,WH001,P0168,13,105,67,525,10218426.79,Low Stock
INV000249,H001,WH001,P0196,987,95,23,475,47287.17,In Stock
INV000250,H001,WH001,P0217,216,118,42,590,275441.04,In Stock
INV000251,H002,WH002,P0347,6,181,39,905,2075725.68,Low Stock
INV000252,H002,WH002,P0459,9,118,68,590,146403032.76,Low Stock
INV000253,H002,WH002,P0206,408,163,36,815,4610.4,In Stock
INV000254,H002,WH002,P0065,20,69,37,345,6938127.4,Low Stock
INV000255,H002,WH002,P0097,382,128,19,640,267319.78,In Stock
INV000256,H002,WH002,P0300,448,172,92,860,146975.36,In Stock
INV000257,H002,WH002,P0234,16,46,10,230,3975399.36,Low Stock
INV000258,H002,WH002,P0431,14,50,63,250,179652345.46,Low Stock
INV000259,H002,WH002,P0407,123,127,96,635,1761.36,Low Stock
INV000260,H002,WH002,P0312,253,51,52,255,14820.74,In Stock
INV000261,H002,WH002,P0415,230,105,74,525,4006.6,In Stock
INV000262,H002,WH002,P0243,2,67,89,335,552027.08,Low Stock
INV000263,H002,WH002,P0400,346,132,95,660,35734.88,In Stock
INV000264,H002,WH002,P0086,21,144,30,720,6050.73,Low Stock
INV000265,H002,WH002,P0171,602,25,62,162,5345.76,In Stock
INV000266,H002,WH002,P0363,567,85,87,425,43693.02,In Stock
INV000267,H002,WH002,P0408,235,182,92,910,230422.2,In Stock
INV000268,H002,WH002,P0078,18,90,67,450,13666035.06,Low Stock
INV000269,H002,WH002,P0148,7,150,45,750,121122786.12,Low Stock
INV000270,H002,WH002,P0340,0,151,43,755,0.0,Out of Stock
INV000271,H002,WH002,P0254,72,149,31,745,98845.92,Low Stock
INV000272,H002,WH002,P0003,724,29,21,145,546511.4,In Stock
INV000273,H002,WH002,P0090,20,200,12,1000,21925440.0,Low Stock
INV000274,H002,WH002,P0252,60,137,30,685,408.6,Low Stock
INV000275,H002,WH002,P0051,7,27,13,135,7984314.8,Low Stock
INV000276,H002,WH002,P0435,69,74,29,370,60921.48,Low Stock
INV000277,H002,WH002,P0208,927,70,57,350,787264.02,In Stock
INV000278,H002,WH002,P0465,32,146,57,730,255.36,Low Stock
INV000279,H002,WH002,P0068,880,137,94,685,6705.6,In Stock
INV000280,H002,WH002,P0138,338,173,28,865,19191.64,In Stock
INV000281,H002,WH002,P0285,72,84,78,420,1012.32,Low Stock
INV000282,H002,WH002,P0370,16,179,62,895,2518128.96,Low Stock
INV000283,H002,WH002,P0020,243,107,98,535,97474.59,In Stock
INV000284,H002,WH002,P0481,285,151,100,755,6663.3,In Stock
INV000285,H002,WH002,P0009,685,163,97,815,411993.25,In Stock
INV000286,H002,WH002,P0213,497,175,53,875,27633.2,In Stock
INV000287,H002,WH002,P0092,6,48,39,240,10494042.78,Low Stock
INV000288,H002,WH002,P0039,552,177,13,885,330537.6,In Stock
INV000289,H002,WH002,P0135,135,80,36,400,24772.5,In Stock
INV000290,H002,WH002,P0425,740,45,94,225,41573.2,In Stock
INV000291,H002,WH002,P0471,18,175,26,875,3787781.76,Low Stock
INV000292,H002,WH002,P0267,590,134,74,670,26868.6,In Stock
INV000293,H002,WH002,P0095,15,151,83,755,2315319.45,Low Stock
INV000294,H002,WH002,P0378,248,177,55,885,6683.6,In Stock
INV000295,H002,WH002,P0015,803,167,48,835,196702.88,In Stock
INV000296,H002,WH002,P0454,484,90,80,450,266577.52,In Stock
INV000297,H002,WH002,P0161,826,125,67,625,52178.42,In Stock
INV000298,H002,WH002,P0443,416,119,49,595,127861.76,In Stock
INV000299,H002,WH002,P0017,194,50,75,250,17211.68,In Stock
INV000300,H002,WH002,P0428,96,67,63,335,10992.0,In Stock
INV000301,H002,WH002,P0369,99,84,64,420,22587.84,In Stock
INV000302,H002,WH002,P0048,674,156,79,780,324328.8,In Stock
INV000303,H002,WH002,P0079,13,142,74,710,15512523.91,Low Stock
INV000304,H002,WH002,P0205,362,91,20,455,116136.84,In Stock
INV000305,H002,WH002,P0372,433,145,23,725,7218.11,In Stock
INV000306,H002,WH002,P0195,420,99,34,495,422192.4,In Stock
INV000307,H002,WH002,P0402,478,162,17,810,3723.62,In Stock
INV000308,H002,WH002,P0277,884,36,54,180,419449.16,In Stock
INV000309,H002,WH002,P0231,746,103,18,515,322928.48,In Stock
INV000310,H002,WH002,P0260,1,70,70,350,11067268.28,Low Stock
INV000311,H002,WH002,P0221,689,151,35,755,11547.64,In Stock
INV000312,H002,WH002,P0191,669,85,39,425,38179.83,In Stock
INV000313,H002,WH002,P0261,661,122,76,610,408187.33,In Stock
INV000314,H002,WH002,P0119,3,91,74,455,417884.49,Low Stock
INV000315,H002,WH002,P0052,62,69,98,345,17095.88,Low Stock
INV000316,H002,WH002,P0371,12,66,93,330,16533822.12,Low Stock
INV000317,H002,WH002,P0139,745,179,82,895,6563.45,In Stock
INV000318,H002,WH002,P0209,10,69,51,345,16953583.4,Low Stock
INV000319,H002,WH002,P0416,819,72,93,360,89958.96,In Stock
INV000320,H002,WH002,P0240,3,109,37,545,46936774.62,Low Stock
INV000321,H002,WH002,P0006,254,167,84,835,14691.36,In Stock
INV000322,H002,WH002,P0333,6,93,89,465,6713445.66,Low Stock
INV000323,H002,WH002,P0342,194,48,91,240,20928.72,In Stock
INV000324,H002,WH002,P0373,549,61,35,305,233659.89,In Stock
INV000325,H002,WH002,P0147,459,112,26,560,432258.66,In Stock
INV000326,H002,WH002,P0083,4,191,48,955,547271.12,Low Stock
INV000327,H002,WH002,P0283,432,63,43,315,40767.84,In Stock
INV000328,H002,WH002,P0432,5,123,67,615,77178410.6,Low Stock
INV000329,H002,WH002,P0286,285,87,58,435,20143.8,In Stock
INV000330,H002,WH002,P0268,14,20,89,189,1545458.18,Low Stock
INV000331,H002,WH002,P0056,255,184,20,920,1285.2,In Stock
INV000332,H002,WH002,P0239,895,47,91,235,91290.0,In Stock
INV000333,H002,WH002,P0476,945,200,21,1000,38584.35,In Stock
INV000334,H002,WH002,P0354,2,97,100,485,1498091.86,Low Stock
INV000335,H002,WH002,P0190,453,69,73,345,15845.94,In Stock
INV000336,H002,WH002,P0110,17,75,39,375,15302005.32,Low Stock
INV000337,H002,WH002,P0280,100,73,85,365,8018.0,In Stock
INV000338,H002,WH002,P0456,51,117,35,585,68338.98,Low Stock
INV000339,H002,WH002,P0288,20,177,16,885,2382160.8,Low Stock
INV000340,H002,WH002,P0211,17,180,61,900,3009731.0,Low Stock
INV000341,H002,WH002,P0047,856,152,56,760,60878.72,In Stock
INV000342,H002,WH002,P0098,15,86,20,430,1726.05,Low Stock
INV000343,H002,WH002,P0299,992,122,43,610,809809.28,In Stock
INV000344,H002,WH002,P0128,2,194,98,970,33939015.62,Low Stock
INV000345,H002,WH002,P0309,948,157,10,785,755584.44,In Stock
INV000346,H002,WH002,P0437,771,75,25,375,17663.61,In Stock
INV000347,H002,WH002,P0237,869,39,57,195,343072.51,In Stock
INV000348,H002,WH002,P0293,7,25,16,125,103576384.73,Low Stock
INV000349,H002,WH002,P0480,170,161,13,805,19599.3,In Stock
INV000350,H002,WH002,P0032,416,92,10,460,6980.48,In Stock
INV000351,H002,WH002,P0016,15,107,67,535,17154769.05,Low Stock
INV000352,H002,WH002,P0470,492,129,22,645,17564.4,In Stock
INV000353,H002,WH002,P0165,218,123,93,615,21608.16,In Stock
INV000354,H002,WH002,P0461,885,153,51,765,38842.65,In Stock
INV000355,H002,WH002,P0005,12,164,25,820,12622499.4,Low Stock
INV000356,H002,WH002,P0222,1,83,62,415,293163.7,Low Stock
INV000357,H002,WH002,P0042,168,142,71,710,277021.92,In Stock
INV000358,H002,WH002,P0063,388,25,11,125,235372.44,In Stock
INV000359,H002,WH002,P0422,0,35,74,175,0.0,Out of Stock
INV000360,H002,WH002,P0106,399,29,11,145,63109.83,In Stock
INV000361,H002,WH002,P0405,8,21,30,130,143545323.36,Low Stock
INV000362,H002,WH002,P0311,948,77,23,385,202758.24,In Stock
INV000363,H002,WH002,P0385,802,139,47,695,12021.98,In Stock
INV000364,H002,WH002,P0427,803,99,81,495,388997.29,In Stock
INV000365,H002,WH002,P0355,465,59,41,295,10169.55,In Stock
INV000366,H002,WH002,P0214,292,87,98,435,2651.36,In Stock
INV000367,H002,WH002,P0276,13,62,97,310,1676218.31,Low Stock
INV000368,H002,WH002,P0485,17,85,59,425,2296124.21,Low Stock
INV000369,H002,WH002,P0436,677,22,97,197,10838.77,In Stock
INV000370,H002,WH002,P0155,735,112,64,560,876781.5,In Stock
INV000371,H002,WH002,P0282,498,61,91,305,198936.06,In Stock
INV000372,H002,WH002,P0500,158,130,43,650,38035.34,In Stock
INV000373,H002,WH002,P0185,194,119,43,595,168847.9,In Stock
INV000374,H002,WH002,P0258,303,42,89,210,182957.46,In Stock
INV000375,H002,WH002,P0475,6,36,86,186,1446149.16,Low Stock
INV000376,H002,WH002,P0013,1,139,84,695,298762.62,Low Stock
INV000377,H002,WH002,P0315,593,41,74,205,37744.45,In Stock
INV000378,H002,WH002,P0366,753,193,33,965,7206.21,In Stock
INV000379,H002,WH002,P0163,17,160,26,800,1501543.19,Low Stock
INV000380,H002,WH002,P0026,62,121,60,605,17319.08,Low Stock
INV000381,H002,WH002,P0323,765,47,89,235,207613.35,In Stock
INV000382,H002,WH002,P0391,10,41,94,205,2633737.0,Low Stock
INV000383,H002,WH002,P0310,1,139,20,695,314219.47,Low Stock
INV000384,H002,WH002,P0322,1,164,31,820,13779984.46,Low Stock
INV000385,H002,WH002,P0096,18,42,45,210,3583277.46,Low Stock
INV000386,H002,WH002,P0474,15,200,68,1000,14707849.35,Low Stock
INV000387,H002,WH002,P0019,16,191,19,955,2427019.52,Low Stock
INV000388,H002,WH002,P0189,16,125,100,625,13138814.4,Low Stock
INV000389,H002,WH002,P0201,161,135,50,675,10469.83,In Stock
INV000390,H002,WH002,P0496,58,105,31,525,4969.44,Low Stock
INV000391,H002,WH002,P0146,983,39,84,195,69743.85,In Stock
INV000392,H002,WH002,P0100,520,106,80,530,3863.6,In Stock
INV000393,H002,WH002,P0334,82,27,65,165,4735.5,In Stock
INV000394,H002,WH002,P0055,871,179,88,895,35066.46,In Stock
INV000395,H002,WH002,P0256,190,70,48,350,172670.1,In Stock
INV000396,H002,WH002,P0349,70,109,84,545,29568.7,Low Stock
INV000397,H002,WH002,P0028,19,55,65,275,16362626.53,Low Stock
INV000398,H002,WH002,P0224,69,46,19,230,511.29,In Stock
INV000399,H002,WH002,P0113,691,61,17,305,186542.36,In Stock
INV000400,H002,WH002,P0390,882,142,72,710,52267.32,In Stock
INV000401,H002,WH002,P0284,240,182,56,910,376384.8,In Stock
INV000402,H002,WH002,P0346,12,148,31,740,3927355.32,Low Stock
INV000403,H002,WH002,P0348,3,172,98,860,304709.07,Low Stock
INV000404,H002,WH002,P0022,964,35,99,199,75124.52,In Stock
INV000405,H002,WH002,P0301,18,152,73,760,209813644.26,Low Stock
INV000406,H002,WH002,P0445,252,140,96,700,115451.28,In Stock
INV000407,H002,WH002,P0007,18,76,15,380,2365299.72,Low Stock
INV000408,H002,WH002,P0478,608,134,30,670,29135.36,In Stock
INV000409,H002,WH002,P0158,40,150,50,750,3130.4,Low Stock
INV000410,H002,WH002,P0107,634,151,70,755,422586.36,In Stock
INV000411,H002,WH002,P0307,2,126,88,630,2683751.44,Low Stock
INV000412,H002,WH002,P0187,429,100,92,500,51355.59,In Stock
INV000413,H002,WH002,P0359,673,131,45,655,192444.35,In Stock
INV000414,H002,WH002,P0321,18,74,60,370,328884850.62,Low Stock
INV000415,H002,WH002,P0069,18,152,63,760,310062698.82,Low Stock
INV000416,H002,WH002,P0025,16,35,37,175,108102990.72,Low Stock
INV000417,H002,WH002,P0192,323,78,73,390,13753.34,In Stock
INV000418,H002,WH002,P0121,957,170,15,850,6507.6,In Stock
INV000419,H002,WH002,P0423,8,177,28,885,10362097.04,Low Stock
INV000420,H002,WH002,P0112,209,38,90,190,150164.41,In Stock
INV000421,H002,WH002,P0072,10,58,32,290,50589872.3,Low Stock
INV000422,H002,WH002,P0058,244,42,60,210,129820.2,In Stock
INV000423,H002,WH002,P0115,271,31,68,168,23820.9,In Stock
INV000424,H002,WH002,P0495,405,59,13,295,29751.3,In Stock
INV000425,H002,WH002,P0320,134,131,39,655,6914.4,In Stock
INV000426,H002,WH002,P0129,687,30,27,150,20575.65,In Stock
INV000427,H002,WH002,P0302,660,31,17,155,19740.6,In Stock
INV000428,H002,WH002,P0229,307,85,43,425,26202.45,In Stock
INV000429,H002,WH002,P0414,468,94,47,470,5307.12,In Stock
INV000430,H002,WH002,P0395,323,84,87,420,24906.53,In Stock
INV000431,H002,WH002,P0082,2,191,40,955,267433.14,Low Stock
INV000432,H002,WH002,P0362,9,148,90,740,187.38,Low Stock
INV000433,H002,WH002,P0263,469,30,81,181,119083.79,In Stock
INV000434,H002,WH002,P0438,636,165,41,825,354264.72,In Stock
INV000435,H002,WH002,P0468,18,28,36,140,95553928.98,Low Stock
INV000436,H002,WH002,P0103,102,99,90,495,4491.06,In Stock
INV000437,H002,WH002,P0381,75,47,38,235,16404.0,In Stock
INV000438,H002,WH002,P0492,17,113,28,565,1694114.09,Low Stock
INV000439,H002,WH002,P0298,218,36,91,191,19037.94,In Stock
INV000440,H002,WH002,P0076,16,27,18,135,17405259.2,Low Stock
INV000441,H002,WH002,P0168,8,105,67,525,6288262.64,Low Stock
INV000442,H002,WH002,P0038,135,20,82,182,1891.35,In Stock
INV000443,H002,WH002,P0487,955,139,34,695,65369.75,In Stock
INV000444,H002,WH002,P0093,357,30,33,150,315609.42,In Stock
INV000445,H002,WH002,P0242,902,22,51,151,38840.12,In Stock
INV000446,H002,WH002,P0120,70,43,43,215,1964.2,In Stock
INV000447,H002,WH002,P0061,7,57,88,285,1519737.38,Low Stock
INV000448,H002,WH002,P0273,378,150,20,750,114707.88,In Stock
INV000449,H002,WH002,P0002,291,113,84,565,471789.57,In Stock
INV000450,H002,WH002,P0269,5,134,89,670,795482.15,Low Stock
INV000451,H002,WH002,P0406,448,190,47,950,5111.68,In Stock
INV000452,H002,WH002,P0308,853,96,90,480,495226.21,In Stock
INV000453,H002,WH002,P0248,556,99,82,495,19454.44,In Stock
INV000454,H002,WH002,P0444,720,144,87,720,70819.2,In Stock
INV000455,H002,WH002,P0401,309,127,39,635,418713.54,In Stock
INV000456,H002,WH002,P0419,626,122,80,610,991721.72,In Stock
INV000457,H002,WH002,P0196,826,95,23,475,39573.66,In Stock
INV000458,H002,WH002,P0388,669,193,33,965,21060.12,In Stock
INV000459,H002,WH002,P0223,541,161,79,805,784206.55,In Stock
INV000460,H002,WH002,P0453,8,93,28,465,590.4,Low Stock
INV000461,H002,WH002,P0157,683,182,29,910,489943.22,In Stock
INV000462,H002,WH002,P0230,836,82,40,410,38756.96,In Stock
INV000463,H002,WH002,P0101,17,88,89,440,5663276.98,Low Stock
INV000464,H002,WH002,P0143,9,160,35,800,1893769.74,Low Stock
INV000465,H002,WH002,P0177,3,99,12,495,460236.72,Low Stock
INV000466,H002,WH002,P0151,961,56,63,280,42572.3,In Stock
INV000467,H002,WH002,P0272,899,30,91,191,1440449.72,In Stock
INV000468,H002,WH002,P0154,137,84,57,420,7251.41,In Stock
INV000469,H002,WH002,P0249,270,113,92,565,3026.7,In Stock
INV000470,H002,WH002,P0228,118,95,47,475,7655.84,In Stock
INV000471,H002,WH002,P0031,911,23,72,172,317337.74,In Stock
INV000472,H002,WH002,P0145,3,149,67,745,278996.76,Low Stock
INV000473,H002,WH002,P0338,760,21,54,154,28348.0,In Stock
INV000474,H002,WH002,P0102,566,48,30,240,157393.28,In Stock
INV000475,H002,WH002,P0345,159,97,43,485,2645.76,In Stock
INV000476,H002,WH002,P0396,278,67,67,335,383220.22,In Stock
INV000477,H002,WH002,P0131,9,24,90,190,5094129.69,Low Stock
INV000478,H002,WH002,P0001,619,186,16,930,11897.18,In Stock
INV000479,H002,WH002,P0136,215,146,58,730,13843.85,In Stock
INV000480,H002,WH002,P0344,734,42,64,210,4719.62,In Stock
INV000481,H002,WH002,P0033,351,176,82,880,183334.32,In Stock
INV000482,H002,WH002,P0266,208,98,84,490,59862.4,In Stock
INV000483,H002,WH002,P0296,20,113,89,565,140118013.0,Low Stock
INV000484,H002,WH002,P0182,873,79,82,395,146489.4,In Stock
INV000485,H002,WH002,P0331,270,109,42,545,3067.2,In Stock
INV000486,H002,WH002,P0162,16,184,46,920,260640322.24,Low Stock
INV000487,H002,WH002,P0099,15,37,43,185,267651443.25,Low Stock
INV000488,H002,WH002,P0493,257,66,67,330,2138.24,In Stock
INV000489,H002,WH002,P0085,927,139,38,695,6618.78,In Stock
INV000490,H002,WH002,P0450,929,169,64,845,7450.58,In Stock
INV000491,H002,WH002,P0413,866,92,65,460,334700.34,In Stock
INV000492,H002,WH002,P0164,52,92,48,460,28959.84,Low Stock
INV000493,H002,WH002,P0175,2,75,21,375,2375986.82,Low Stock
INV000494,H002,WH002,P0417,20,104,34,520,4292633.8,Low Stock
INV000495,H002,WH002,P0379,433,117,61,585,8088.44,In Stock
INV000496,H002,WH002,P0462,8,71,34,355,1328389.44,Low Stock
INV000497,H002,WH002,P0176,45,122,92,610,5028.3,Low Stock
INV000498,H002,WH002,P0226,0,134,32,670,0.0,Out of Stock
INV000499,H002,WH002,P0180,341,58,76,290,67882.87,In Stock
INV000500,H002,WH002,P0232,4,82,74,410,711521.44,Low Stock
INV000501,H003,WH003,P0100,268,106,80,530,1991.24,In Stock
INV000502,H003,WH003,P0497,165,136,71,680,13081.2,In Stock
INV000503,H003,WH003,P0027,759,134,61,670,11331.87,In Stock
INV000504,H003,WH003,P0355,452,59,41,295,9885.24,In Stock
INV000505,H003,WH003,P0089,564,24,53,153,5515.92,In Stock
INV000506,H003,WH003,P0228,722,95,47,475,46843.36,In Stock
INV000507,H003,WH003,P0084,437,184,94,920,89611.22,In Stock
INV000508,H003,WH003,P0193,574,112,97,560,371900.34,In Stock
INV000509,H003,WH003,P0234,0,46,10,230,0.0,Out of Stock
INV000510,H003,WH003,P0477,114,184,21,920,7467.0,Low Stock
INV000511,H003,WH003,P0083,2,191,48,955,273635.56,Low Stock
INV000512,H003,WH003,P0289,967,99,91,495,102105.53,In Stock
INV000513,H003,WH003,P0438,904,165,41,825,503546.08,In Stock
INV000514,H003,WH003,P0473,4,33,14,165,556963.88,Low Stock
INV000515,H003,WH003,P0376,558,153,53,765,345753.54,In Stock
INV000516,H003,WH003,P0274,36,187,27,935,24337.08,Low Stock
INV000517,H003,WH003,P0409,854,194,52,970,264979.12,In Stock
INV000518,H003,WH003,P0371,11,66,93,330,15156003.61,Low Stock
INV000519,H003,WH003,P0145,18,149,67,745,1673980.56,Low Stock
INV000520,H003,WH003,P0126,565,154,74,770,24238.5,In Stock
INV000521,H003,WH003,P0290,151,20,14,114,2524.72,In Stock
INV000522,H003,WH003,P0246,440,187,30,935,22334.4,In Stock
INV000523,H003,WH003,P0113,130,61,17,305,35094.8,In Stock
INV000524,H003,WH003,P0346,1,148,31,740,327279.61,Low Stock
INV000525,H003,WH003,P0362,315,148,90,740,6558.3,In Stock
INV000526,H003,WH003,P0191,373,85,39,425,21287.11,In Stock
INV000527,H003,WH003,P0394,920,188,11,940,10948.0,In Stock
INV000528,H003,WH003,P0276,1,62,97,310,128939.87,Low Stock
INV000529,H003,WH003,P0215,920,20,86,186,17351.2,In Stock
INV000530,H003,WH003,P0461,366,153,51,765,16063.74,In Stock
INV000531,H003,WH003,P0195,215,99,34,495,216122.3,In Stock
INV000532,H003,WH003,P0004,7,81,21,405,1513257.13,Low Stock
INV000533,H003,WH003,P0137,682,31,88,188,872284.82,In Stock
INV000534,H003,WH003,P0128,3,194,98,970,50908523.43,Low Stock
INV000535,H003,WH003,P0442,362,28,11,140,40934.96,In Stock
INV000536,H003,WH003,P0036,798,35,34,175,1022652.96,In Stock
INV000537,H003,WH003,P0310,17,139,20,695,5341730.99,Low Stock
INV000538,H003,WH003,P0321,13,74,60,370,237527947.67,Low Stock
INV000539,H003,WH003,P0488,997,39,89,195,165711.37,In Stock
INV000540,H003,WH003,P0248,635,99,82,495,22218.65,In Stock
INV000541,H003,WH003,P0315,767,41,74,205,48819.55,In Stock
INV000542,H003,WH003,P0319,158,140,77,700,11012.6,In Stock
INV000543,H003,WH003,P0419,947,122,80,610,1500256.34,In Stock
INV000544,H003,WH003,P0163,7,160,26,800,618282.49,Low Stock
INV000545,H003,WH003,P0465,885,146,57,730,7062.3,In Stock
INV000546,H003,WH003,P0470,166,129,22,645,5926.2,In Stock
INV000547,H003,WH003,P0446,999,112,92,560,343845.81,In Stock
INV000548,H003,WH003,P0176,819,122,92,610,91515.06,In Stock
INV000549,H003,WH003,P0102,830,48,30,240,230806.4,In Stock
INV000550,H003,WH003,P0141,181,192,72,960,3886.07,Low Stock
INV000551,H003,WH003,P0443,902,119,49,595,277238.72,In Stock
INV000552,H003,WH003,P0121,422,170,15,850,2869.6,In Stock
INV000553,H003,WH003,P0151,25,56,63,280,1107.5,Low Stock
INV000554,H003,WH003,P0378,183,177,55,885,4931.85,In Stock
INV000555,H003,WH003,P0467,754,91,76,455,10525.84,In Stock
INV000556,H003,WH003,P0381,946,47,38,235,206909.12,In Stock
INV000557,H003,WH003,P0233,10,45,93,225,8007952.3,Low Stock
INV000558,H003,WH003,P0001,801,186,16,930,15395.22,In Stock
INV000559,H003,WH003,P0325,953,198,18,990,305741.46,In Stock
INV000560,H003,WH003,P0153,421,50,35,250,6845.46,In Stock
INV000561,H003,WH003,P0301,7,152,73,760,81594194.99,Low Stock
INV000562,H003,WH003,P0421,273,68,70,340,13289.64,In Stock
INV000563,H003,WH003,P0026,163,121,60,605,45532.42,In Stock
INV000564,H003,WH003,P0051,3,27,13,135,3421849.2,Low Stock
INV000565,H003,WH003,P0303,12,67,40,335,6393513.72,Low Stock
INV000566,H003,WH003,P0256,893,70,48,350,811549.47,In Stock
INV000567,H003,WH003,P0169,1,69,41,345,152107.09,Low Stock
INV000568,H003,WH003,P0147,879,112,26,560,827789.46,In Stock
INV000569,H003,WH003,P0188,481,154,40,770,10909.08,In Stock
INV000570,H003,WH003,P0033,227,176,82,880,118566.64,In Stock
INV000571,H003,WH003,P0053,6,134,54,670,116086356.9,Low Stock
INV000572,H003,WH003,P0213,836,175,53,875,46481.6,In Stock
INV000573,H003,WH003,P0146,940,39,84,195,66693.0,In Stock
INV000574,H003,WH003,P0220,14,101,68,505,119589927.38,Low Stock
INV000575,H003,WH003,P0204,358,104,66,520,22249.7,In Stock
INV000576,H003,WH003,P0451,312,174,39,870,13291.2,In Stock
INV000577,H003,WH003,P0258,840,42,89,210,507208.8,In Stock
INV000578,H003,WH003,P0472,814,71,33,355,87505.0,In Stock
INV000579,H003,WH003,P0259,892,183,38,915,228476.88,In Stock
INV000580,H003,WH003,P0240,7,109,37,545,109519140.78,Low Stock
INV000581,H003,WH003,P0350,228,189,80,945,2925.24,In Stock
INV000582,H003,WH003,P0029,24,111,97,555,384.0,Low Stock
INV000583,H003,WH003,P0370,6,179,62,895,944298.36,Low Stock
INV000584,H003,WH003,P0063,408,25,11,125,247505.04,In Stock
INV000585,H003,WH003,P0166,336,50,31,250,12784.8,In Stock
INV000586,H003,WH003,P0111,285,123,54,615,2274.3,In Stock
INV000587,H003,WH003,P0459,2,118,68,590,32534007.28,Low Stock
INV000588,H003,WH003,P0129,990,30,27,150,29650.5,In Stock
INV000589,H003,WH003,P0093,791,30,33,150,699291.46,In Stock
INV000590,H003,WH003,P0031,285,23,72,172,99276.9,In Stock
INV000591,H003,WH003,P0196,359,95,23,475,17199.69,In Stock
INV000592,H003,WH003,P0070,656,156,29,780,15317.6,In Stock
INV000593,H003,WH003,P0266,521,98,84,490,149943.8,In Stock
INV000594,H003,WH003,P0056,409,184,20,920,2061.36,In Stock
INV000595,H003,WH003,P0352,695,52,52,260,184696.25,In Stock
INV000596,H003,WH003,P0135,863,80,36,400,158360.5,In Stock
INV000597,H003,WH003,P0071,17,132,33,660,19783089.04,Low Stock
INV000598,H003,WH003,P0312,339,51,52,255,19858.62,In Stock
INV000599,H003,WH003,P0039,961,177,13,885,575446.8,In Stock
INV000600,H003,WH003,P0283,28,63,43,315,2642.36,Low Stock
INV000601,H003,WH003,P0107,118,151,70,755,78651.72,Low Stock
INV000602,H003,WH003,P0010,898,115,22,575,284657.02,In Stock
INV000603,H003,WH003,P0118,993,20,52,152,57027.99,In Stock
INV000604,H003,WH003,P0205,267,91,20,455,85658.94,In Stock
INV000605,H003,WH003,P0008,5,94,63,470,8080045.0,Low Stock
INV000606,H003,WH003,P0398,594,191,80,955,383830.92,In Stock
INV000607,H003,WH003,P0314,985,195,76,975,50235.0,In Stock
INV000608,H003,WH003,P0299,271,122,43,610,221228.14,In Stock
INV000609,H003,WH003,P0211,1,180,61,900,177043.0,Low Stock
INV000610,H003,WH003,P0190,111,69,73,345,3882.78,In Stock
INV000611,H003,WH003,P0021,610,37,21,185,8491.2,In Stock
INV000612,H003,WH003,P0229,444,85,43,425,37895.4,In Stock
INV000613,H003,WH003,P0286,353,87,58,435,24950.04,In Stock
INV000614,H003,WH003,P0079,10,142,74,710,11932710.7,Low Stock
INV000615,H003,WH003,P0223,446,161,79,805,646499.3,In Stock
INV000616,H003,WH003,P0384,19,77,28,385,3594303.72,Low Stock
INV000617,H003,WH003,P0099,16,37,43,185,285494872.8,Low Stock
INV000618,H003,WH003,P0037,118,61,24,305,210591.06,In Stock
INV000619,H003,WH003,P0076,12,27,18,135,13053944.4,Low Stock
INV000620,H003,WH003,P0250,921,72,10,360,40008.24,In Stock
INV000621,H003,WH003,P0047,590,152,56,760,41960.8,In Stock
INV000622,H003,WH003,P0108,194,188,93,940,14759.52,In Stock
INV000623,H003,WH003,P0363,260,85,87,425,20035.6,In Stock
INV000624,H003,WH003,P0143,1,160,35,800,210418.86,Low Stock
INV000625,H003,WH003,P0264,725,190,51,950,14608.75,In Stock
INV000626,H003,WH003,P0311,446,77,23,385,95390.48,In Stock
INV000627,H003,WH003,P0393,1,55,77,275,1627.9,Low Stock
INV000628,H003,WH003,P0116,532,20,43,143,187476.8,In Stock
INV000629,H003,WH003,P0356,947,61,40,305,124663.08,In Stock
INV000630,H003,WH003,P0043,825,107,43,535,38667.75,In Stock
INV000631,H003,WH003,P0420,17,32,61,161,4172518.42,Low Stock
INV000632,H003,WH003,P0292,703,145,39,725,12956.29,In Stock
INV000633,H003,WH003,P0178,736,170,72,850,199426.56,In Stock
INV000634,H003,WH003,P0244,962,146,80,730,44473.26,In Stock
INV000635,H003,WH003,P0423,6,177,28,885,7771572.78,Low Stock
INV000636,H003,WH003,P0199,11,120,16,600,79153203.91,Low Stock
INV000637,H003,WH003,P0114,441,149,95,745,646166.43,In Stock
INV000638,H003,WH003,P0484,71,187,23,935,8853.7,Low Stock
INV000639,H003,WH003,P0439,10,67,16,335,2047047.6,Low Stock
INV000640,H003,WH003,P0140,638,144,44,720,164667.8,In Stock
INV000641,H003,WH003,P0390,321,142,72,710,19022.46,In Stock
INV000642,H003,WH003,P0491,3,102,39,510,735878.76,Low Stock
INV000643,H003,WH003,P0405,9,21,30,130,161488488.78,Low Stock
INV000644,H003,WH003,P0170,519,101,40,505,505869.3,In Stock
INV000645,H003,WH003,P0469,316,170,82,850,7053.12,In Stock
INV000646,H003,WH003,P0332,682,102,87,510,29919.34,In Stock
INV000647,H003,WH003,P0278,13,60,51,300,212455054.5,Low Stock
INV000648,H003,WH003,P0136,334,146,58,730,21506.26,In Stock
INV000649,H003,WH003,P0012,12,194,78,970,97072568.28,Low Stock
INV000650,H003,WH003,P0078,9,90,67,450,6833017.53,Low Stock
INV000651,H003,WH003,P0098,567,86,20,430,65244.69,In Stock
INV000652,H003,WH003,P0318,4,181,98,905,34350065.16,Low Stock
INV000653,H003,WH003,P0144,196,24,47,147,23177.0,In Stock
INV000654,H003,WH003,P0430,13,33,73,173,247102411.53,Low Stock
INV000655,H003,WH003,P0218,12,53,73,265,3688848.72,Low Stock
INV000656,H003,WH003,P0255,693,153,31,765,329978.88,In Stock
INV000657,H003,WH003,P0260,5,70,70,350,55336341.4,Low Stock
INV000658,H003,WH003,P0458,630,72,42,360,402462.9,In Stock
INV000659,H003,WH003,P0020,582,107,98,535,233457.66,In Stock
INV000660,H003,WH003,P0180,308,58,76,290,61313.56,In Stock
INV000661,H003,WH003,P0066,415,148,40,740,176756.8,In Stock
INV000662,H003,WH003,P0445,561,140,96,700,257016.54,In Stock
INV000663,H003,WH003,P0316,853,71,30,355,328302.64,In Stock
INV000664,H003,WH003,P0106,0,29,11,145,0.0,Out of Stock
INV000665,H003,WH003,P0369,311,84,64,420,70957.76,In Stock
INV000666,H003,WH003,P0343,293,180,51,900,54615.2,In Stock
INV000667,H003,WH003,P0032,215,92,10,460,3607.7,In Stock
INV000668,H003,WH003,P0450,440,169,64,845,3528.8,In Stock
INV000669,H003,WH003,P0154,804,84,57,420,42555.72,In Stock
INV000670,H003,WH003,P0065,18,69,37,345,6244314.66,Low Stock
INV000671,H003,WH003,P0006,621,167,84,835,35918.64,In Stock
INV000672,H003,WH003,P0320,670,131,39,655,34572.0,In Stock
INV000673,H003,WH003,P0156,329,91,23,455,90086.78,In Stock
INV000674,H003,WH003,P0407,476,127,96,635,6816.32,In Stock
INV000675,H003,WH003,P0408,452,182,92,910,443195.04,In Stock
INV000676,H003,WH003,P0348,14,172,98,860,1421975.66,Low Stock
INV000677,H003,WH003,P0287,691,104,20,520,9439.06,In Stock
INV000678,H003,WH003,P0282,218,61,91,305,87084.46,In Stock
INV000679,H003,WH003,P0403,16,56,99,280,2550496.16,Low Stock
INV000680,H003,WH003,P0313,484,33,44,165,136144.36,In Stock
INV000681,H003,WH003,P0339,5,197,33,985,481335.65,Low Stock
INV000682,H003,WH003,P0386,674,140,55,700,267389.28,In Stock
INV000683,H003,WH003,P0448,86,165,52,825,43327.66,Low Stock
INV000684,H003,WH003,P0025,9,35,37,175,60807932.28,Low Stock
INV000685,H003,WH003,P0152,527,104,10,520,5607.28,In Stock
INV000686,H003,WH003,P0395,679,84,87,420,52357.69,In Stock
INV000687,H003,WH003,P0495,648,59,13,295,47602.08,In Stock
INV000688,H003,WH003,P0498,634,181,95,905,604436.58,In Stock
INV000689,H003,WH003,P0014,10,83,33,415,1414690.0,Low Stock
INV000690,H003,WH003,P0005,2,164,25,820,2103749.9,Low Stock
INV000691,H003,WH003,P0226,7,134,32,670,1736234.22,Low Stock
INV000692,H003,WH003,P0307,9,126,88,630,12076881.48,Low Stock
INV000693,H003,WH003,P0161,230,125,67,625,14529.1,In Stock
INV000694,H003,WH003,P0221,825,151,35,755,13827.0,In Stock
INV000695,H003,WH003,P0457,203,99,87,495,98978.74,In Stock
INV000696,H003,WH003,P0048,150,156,79,780,72180.0,Low Stock
INV000697,H003,WH003,P0406,25,190,47,950,285.25,Low Stock
INV000698,H003,WH003,P0016,1,107,67,535,1143651.27,Low Stock
INV000699,H003,WH003,P0115,250,31,68,168,21975.0,In Stock
INV000700,H003,WH003,P0112,486,38,90,190,349186.14,In Stock
INV000701,H003,WH003,P0435,625,74,29,370,551825.0,In Stock
INV000702,H003,WH003,P0225,870,44,63,220,78273.9,In Stock
INV000703,H003,WH003,P0279,2,136,28,680,18249777.76,Low Stock
INV000704,H003,WH003,P0328,466,28,91,191,15000.54,In Stock
INV000705,H003,WH003,P0454,424,90,80,450,233530.72,In Stock
INV000706,H003,WH003,P0015,907,167,48,835,222178.72,In Stock
INV000707,H003,WH003,P0268,20,20,89,189,2207797.4,Low Stock
INV000708,H003,WH003,P0133,589,148,78,740,311268.83,In Stock
INV000709,H003,WH003,P0338,199,21,54,154,7422.7,In Stock
INV000710,H003,WH003,P0217,735,118,42,590,937264.65,In Stock
INV000711,H003,WH003,P0110,12,75,39,375,10801415.52,Low Stock
INV000712,H003,WH003,P0271,506,130,56,650,438762.72,In Stock
INV000713,H003,WH003,P0281,409,101,57,505,36511.43,In Stock
INV000714,H003,WH003,P0354,7,97,100,485,5243321.51,Low Stock
INV000715,H003,WH003,P0096,4,42,45,210,796283.88,Low Stock
INV000716,H003,WH003,P0482,671,34,22,170,142030.57,In Stock
INV000717,H003,WH003,P0080,704,163,35,815,43612.8,In Stock
INV000718,H003,WH003,P0353,0,198,40,990,0.0,Out of Stock
INV000719,H003,WH003,P0468,3,28,36,140,15925654.83,Low Stock
INV000720,H003,WH003,P0418,797,170,91,850,12512.9,In Stock
INV000721,H003,WH003,P0414,435,94,47,470,4932.9,In Stock
INV000722,H003,WH003,P0173,7,35,73,175,1275086.12,Low Stock
INV000723,H003,WH003,P0349,180,109,84,545,76033.8,In Stock
INV000724,H003,WH003,P0002,823,113,84,565,1334305.21,In Stock
INV000725,H003,WH003,P0336,980,43,83,215,60789.4,In Stock
INV000726,H003,WH003,P0168,16,105,67,525,12576525.28,Low Stock
INV000727,H003,WH003,P0400,475,132,95,660,49058.0,In Stock
INV000728,H003,WH003,P0251,1,128,24,640,327375.03,Low Stock
INV000729,H003,WH003,P0487,570,139,34,695,39016.5,In Stock
INV000730,H003,WH003,P0391,7,41,94,205,1843615.9,Low Stock
INV000731,H003,WH003,P0003,939,29,21,145,708804.15,In Stock
INV000732,H003,WH003,P0291,868,126,75,630,25137.28,In Stock
INV000733,H003,WH003,P0275,124,69,26,345,90338.96,In Stock
INV000734,H003,WH003,P0500,467,130,43,650,112420.91,In Stock
INV000735,H003,WH003,P0028,4,55,65,275,3444763.48,Low Stock
INV000736,H003,WH003,P0404,14,62,79,310,1706828.48,Low Stock
INV000737,H003,WH003,P0481,683,151,100,755,15968.54,In Stock
INV000738,H003,WH003,P0358,543,58,28,290,11734.23,In Stock
INV000739,H003,WH003,P0294,572,47,76,235,333796.32,In Stock
INV000740,H003,WH003,P0177,19,99,12,495,2914832.56,Low Stock
INV000741,H003,WH003,P0447,324,142,59,710,213616.44,In Stock
INV000742,H003,WH003,P0090,14,200,12,1000,15347808.0,Low Stock
INV000743,H003,WH003,P0182,627,79,82,395,105210.6,In Stock
INV000744,H003,WH003,P0471,16,175,26,875,3366917.12,Low Stock
INV000745,H003,WH003,P0236,436,79,25,395,2445.96,In Stock
INV000746,H003,WH003,P0368,850,82,61,410,51459.0,In Stock
INV000747,H003,WH003,P0069,17,152,63,760,292836993.33,Low Stock
INV000748,H003,WH003,P0214,456,87,98,435,4140.48,In Stock
INV000749,H003,WH003,P0124,5,146,29,730,1478958.05,Low Stock
INV000750,H003,WH003,P0057,761,71,71,355,13857.81,In Stock
INV000751,H004,WH004,P0242,460,22,51,151,19807.6,In Stock
INV000752,H004,WH004,P0290,265,20,14,114,4430.8,In Stock
INV000753,H004,WH004,P0077,7,149,87,745,947480.24,Low Stock
INV000754,H004,WH004,P0316,860,71,30,355,330996.8,In Stock
INV000755,H004,WH004,P0491,20,102,39,510,4905858.4,Low Stock
INV000756,H004,WH004,P0254,283,149,31,745,388519.38,In Stock
INV000757,H004,WH004,P0104,784,94,67,470,64672.16,In Stock
INV000758,H004,WH004,P0025,16,35,37,175,108102990.72,Low Stock
INV000759,H004,WH004,P0051,15,27,13,135,17109246.0,Low Stock
INV000760,H004,WH004,P0253,641,184,60,920,166429.24,In Stock
INV000761,H004,WH004,P0189,7,125,100,625,5748231.3,Low Stock
INV000762,H004,WH004,P0112,281,38,90,190,201895.69,In Stock
INV000763,H004,WH004,P0384,14,77,28,385,2648434.32,Low Stock
INV000764,H004,WH004,P0076,2,27,18,135,2175657.4,Low Stock
INV000765,H004,WH004,P0040,730,58,91,290,1222260.9,In Stock
INV000766,H004,WH004,P0480,292,161,13,805,33664.68,In Stock
INV000767,H004,WH004,P0213,240,175,53,875,13344.0,In Stock
INV000768,H004,WH004,P0007,8,76,15,380,1051244.32,Low Stock
INV000769,H004,WH004,P0388,343,193,33,965,10797.64,In Stock
INV000770,H004,WH004,P0143,10,160,35,800,2104188.6,Low Stock
INV000771,H004,WH004,P0494,17,132,29,660,28153905.19,Low Stock
INV000772,H004,WH004,P0447,82,142,59,710,54063.42,Low Stock
INV000773,H004,WH004,P0197,4,67,38,335,49745883.76,Low Stock
INV000774,H004,WH004,P0170,154,101,40,505,150103.8,In Stock
INV000775,H004,WH004,P0199,7,120,16,600,50370220.67,Low Stock
INV000776,H004,WH004,P0096,12,42,45,210,2388851.64,Low Stock
INV000777,H004,WH004,P0393,710,55,77,275,1155809.0,In Stock
INV000778,H004,WH004,P0392,156,118,17,590,1137.24,In Stock
INV000779,H004,WH004,P0039,723,177,13,885,432932.4,In Stock
INV000780,H004,WH004,P0380,219,127,90,635,67156.35,In Stock
INV000781,H004,WH004,P0068,65,137,94,685,495.3,Low Stock
INV000782,H004,WH004,P0409,424,194,52,970,131558.72,In Stock
INV000783,H004,WH004,P0132,13,145,43,725,18003224.59,Low Stock
INV000784,H004,WH004,P0224,338,46,19,230,2504.58,In Stock
INV000785,H004,WH004,P0391,17,41,94,205,4477352.9,Low Stock
INV000786,H004,WH004,P0292,477,145,39,725,8791.11,In Stock
INV000787,H004,WH004,P0485,13,85,59,425,1755859.69,Low Stock
INV000788,H004,WH004,P0130,63,116,67,580,2422.35,Low Stock
INV000789,H004,WH004,P0277,211,36,54,180,100117.39,In Stock
INV000790,H004,WH004,P0459,13,118,68,590,211471047.32,Low Stock
INV000791,H004,WH004,P0405,12,21,30,130,215317985.04,Low Stock
INV000792,H004,WH004,P0149,926,147,72,735,1392092.84,In Stock
INV000793,H004,WH004,P0042,788,142,71,710,1299364.72,In Stock
INV000794,H004,WH004,P0172,18,154,36,770,3873477.96,Low Stock
INV000795,H004,WH004,P0333,0,93,89,465,0.0,Out of Stock
INV000796,H004,WH004,P0198,18,190,17,950,2716108.92,Low Stock
INV000797,H004,WH004,P0381,389,47,38,235,85082.08,In Stock
INV000798,H004,WH004,P0103,488,99,90,495,21486.64,In Stock
INV000799,H004,WH004,P0424,6,74,15,370,352.74,Low Stock
INV000800,H004,WH004,P0397,965,123,78,615,16183.05,In Stock
INV000801,H004,WH004,P0228,360,95,47,475,23356.8,In Stock
INV000802,H004,WH004,P0049,305,176,34,880,114744.05,In Stock
INV000803,H004,WH004,P0190,771,69,73,345,26969.58,In Stock
INV000804,H004,WH004,P0359,399,131,45,655,114094.05,In Stock
INV000805,H004,WH004,P0468,13,28,36,140,69011170.93,Low Stock
INV000806,H004,WH004,P0194,17,94,74,470,2814491.44,Low Stock
INV000807,H004,WH004,P0099,17,37,43,185,303338302.35,Low Stock
INV000808,H004,WH004,P0437,819,75,25,375,18763.29,In Stock
INV000809,H004,WH004,P0139,617,179,82,895,5435.77,In Stock
INV000810,H004,WH004,P0445,919,140,96,700,421030.66,In Stock
INV000811,H004,WH004,P0031,225,23,72,172,78376.5,In Stock
INV000812,H004,WH004,P0361,15,23,61,161,3400511.4,Low Stock
INV000813,H004,WH004,P0176,224,122,92,610,25029.76,In Stock
INV000814,H004,WH004,P0178,279,170,72,850,75597.84,In Stock
INV000815,H004,WH004,P0293,13,25,16,125,192356143.07,Low Stock
INV000816,H004,WH004,P0308,497,96,90,480,288543.29,In Stock
INV000817,H004,WH004,P0399,29,70,73,350,12657.63,Low Stock
INV000818,H004,WH004,P0220,12,101,68,505,102505652.04,Low Stock
INV000819,H004,WH004,P0263,344,30,81,181,87345.04,In Stock
INV000820,H004,WH004,P0232,12,82,74,410,2134564.32,Low Stock
INV000821,H004,WH004,P0225,741,44,63,220,66667.77,In Stock
INV000822,H004,WH004,P0186,169,22,78,178,11395.67,In Stock
INV000823,H004,WH004,P0230,860,82,40,410,39869.6,In Stock
INV000824,H004,WH004,P0336,478,43,83,215,29650.34,In Stock
INV000825,H004,WH004,P0278,4,60,51,300,65370786.0,Low Stock
INV000826,H004,WH004,P0444,637,144,87,720,62655.32,In Stock
INV000827,H004,WH004,P0303,17,67,40,335,9057477.77,Low Stock
INV000828,H004,WH004,P0123,27,188,86,940,676.89,Low Stock
INV000829,H004,WH004,P0482,928,34,22,170,196429.76,In Stock
INV000830,H004,WH004,P0410,403,144,28,720,238483.31,In Stock
INV000831,H004,WH004,P0266,606,98,84,490,174406.8,In Stock
INV000832,H004,WH004,P0272,577,30,91,191,924515.56,In Stock
INV000833,H004,WH004,P0152,678,104,10,520,7213.92,In Stock
INV000834,H004,WH004,P0120,27,43,43,215,757.62,Low Stock
INV000835,H004,WH004,P0418,85,170,91,850,1334.5,Low Stock
INV000836,H004,WH004,P0223,658,161,79,805,953803.9,In Stock
INV000837,H004,WH004,P0057,438,71,71,355,7975.98,In Stock
INV000838,H004,WH004,P0446,138,112,92,560,47498.22,In Stock
INV000839,H004,WH004,P0240,14,109,37,545,219038281.56,Low Stock
INV000840,H004,WH004,P0317,186,119,52,595,51845.64,In Stock
INV000841,H004,WH004,P0371,1,66,93,330,1377818.51,Low Stock
INV000842,H004,WH004,P0358,266,58,28,290,5748.26,In Stock
INV000843,H004,WH004,P0439,12,67,16,335,2456457.12,Low Stock
INV000844,H004,WH004,P0490,10,180,19,900,3137173.4,Low Stock
INV000845,H004,WH004,P0337,216,20,77,177,2319.84,In Stock
INV000846,H004,WH004,P0061,14,57,88,285,3039474.76,Low Stock
INV000847,H004,WH004,P0461,334,153,51,765,14659.26,In Stock
INV000848,H004,WH004,P0429,345,164,92,820,158437.8,In Stock
INV000849,H004,WH004,P0313,779,33,44,165,219124.91,In Stock
INV000850,H004,WH004,P0484,900,187,23,935,112230.0,In Stock
INV000851,H004,WH004,P0093,388,30,33,150,343015.28,In Stock
INV000852,H004,WH004,P0462,8,71,34,355,1328389.44,Low Stock
INV000853,H004,WH004,P0331,770,109,42,545,8747.2,In Stock
INV000854,H004,WH004,P0066,974,148,40,740,414846.08,In Stock
INV000855,H004,WH004,P0193,851,112,97,560,551371.41,In Stock
INV000856,H004,WH004,P0448,431,165,52,825,217142.11,In Stock
INV000857,H004,WH004,P0276,8,62,97,310,1031518.96,Low Stock
INV000858,H004,WH004,P0323,854,47,89,235,231767.06,In Stock
INV000859,H004,WH004,P0095,2,151,83,755,308709.26,Low Stock
INV000860,H004,WH004,P0003,481,29,21,145,363082.85,In Stock
INV000861,H004,WH004,P0080,19,163,35,815,1177.05,Low Stock
INV000862,H004,WH004,P0436,767,22,97,197,12279.67,In Stock
INV000863,H004,WH004,P0135,552,80,36,400,101292.0,In Stock
INV000864,H004,WH004,P0326,53,71,78,355,3268.51,Low Stock
INV000865,H004,WH004,P0463,974,199,47,995,30719.96,In Stock
INV000866,H004,WH004,P0285,358,84,78,420,5033.48,In Stock
INV000867,H004,WH004,P0296,7,113,89,565,49041304.55,Low Stock
INV000868,H004,WH004,P0239,665,47,91,235,67830.0,In Stock
INV000869,H004,WH004,P0118,70,20,52,152,4020.1,In Stock
INV000870,H004,WH004,P0432,20,123,67,615,308713642.4,Low Stock
INV000871,H004,WH004,P0357,41,46,31,230,792.94,Low Stock
INV000872,H004,WH004,P0265,772,160,90,800,918556.48,In Stock
INV000873,H004,WH004,P0208,31,70,57,350,26327.06,Low Stock
INV000874,H004,WH004,P0478,972,134,30,670,46578.24,In Stock
INV000875,H004,WH004,P0281,253,101,57,505,22585.31,In Stock
INV000876,H004,WH004,P0394,204,188,11,940,2427.6,In Stock
INV000877,H004,WH004,P0474,0,200,68,1000,0.0,Out of Stock
INV000878,H004,WH004,P0033,636,176,82,880,332195.52,In Stock
INV000879,H004,WH004,P0165,156,123,93,615,15462.72,In Stock
INV000880,H004,WH004,P0329,244,142,22,710,396514.64,In Stock
INV000881,H004,WH004,P0449,129,175,11,875,8048.31,Low Stock
INV000882,H004,WH004,P0162,15,184,46,920,244350302.1,Low Stock
INV000883,H004,WH004,P0163,3,160,26,800,264978.21,Low Stock
INV000884,H004,WH004,P0108,577,188,93,940,43898.16,In Stock
INV000885,H004,WH004,P0054,970,78,70,390,6023.7,In Stock
INV000886,H004,WH004,P0299,223,122,43,610,182043.82,In Stock
INV000887,H004,WH004,P0187,476,100,92,500,56981.96,In Stock
INV000888,H004,WH004,P0390,716,142,72,710,42430.16,In Stock
INV000889,H004,WH004,P0320,262,131,39,655,13519.2,In Stock
INV000890,H004,WH004,P0362,785,148,90,740,16343.7,In Stock
INV000891,H004,WH004,P0136,377,146,58,730,24275.03,In Stock
INV000892,H004,WH004,P0124,5,146,29,730,1478958.05,Low Stock
INV000893,H004,WH004,P0471,19,175,26,875,3998214.08,Low Stock
INV000894,H004,WH004,P0126,621,154,74,770,26640.9,In Stock
INV000895,H004,WH004,P0259,986,183,38,915,252554.04,In Stock
INV000896,H004,WH004,P0289,765,99,91,495,80776.35,In Stock
INV000897,H004,WH004,P0098,735,86,20,430,84576.45,In Stock
INV000898,H004,WH004,P0354,3,97,100,485,2247137.79,Low Stock
INV000899,H004,WH004,P0128,5,194,98,970,84847539.05,Low Stock
INV000900,H004,WH004,P0498,987,181,95,905,940976.19,In Stock
INV000901,H004,WH004,P0034,318,136,97,680,6137.4,In Stock
INV000902,H004,WH004,P0404,3,62,79,310,365748.96,Low Stock
INV000903,H004,WH004,P0041,592,141,25,705,68932.48,In Stock
INV000904,H004,WH004,P0365,0,185,63,925,0.0,Out of Stock
INV000905,H004,WH004,P0309,951,157,10,785,757975.53,In Stock
INV000906,H004,WH004,P0287,319,104,20,520,4357.54,In Stock
INV000907,H004,WH004,P0010,589,115,22,575,186707.11,In Stock
INV000908,H004,WH004,P0105,12,89,54,445,16485652.32,Low Stock
INV000909,H004,WH004,P0453,406,93,28,465,29962.8,In Stock
INV000910,H004,WH004,P0137,964,31,88,188,1232965.64,In Stock
INV000911,H004,WH004,P0339,6,197,33,985,577602.78,Low Stock
INV000912,H004,WH004,P0138,77,173,28,865,4372.06,Low Stock
INV000913,H004,WH004,P0222,18,83,62,415,5276946.6,Low Stock
INV000914,H004,WH004,P0294,707,47,76,235,412576.92,In Stock
INV000915,H004,WH004,P0481,850,151,100,755,19873.0,In Stock
INV000916,H004,WH004,P0373,642,61,35,305,273241.62,In Stock
INV000917,H004,WH004,P0420,7,32,61,161,1718095.82,Low Stock
INV000918,H004,WH004,P0023,104,92,59,460,9544.08,In Stock
INV000919,H004,WH004,P0297,713,23,41,141,10338.5,In Stock
INV000920,H004,WH004,P0378,791,177,55,885,21317.45,In Stock
INV000921,H004,WH004,P0158,308,150,50,750,24104.08,In Stock
INV000922,H004,WH004,P0084,870,184,94,920,178402.2,In Stock
INV000923,H004,WH004,P0352,700,52,52,260,186025.0,In Stock
INV000924,H004,WH004,P0012,19,194,78,970,153698233.11,Low Stock
INV000925,H004,WH004,P0107,824,151,70,755,549228.96,In Stock
INV000926,H004,WH004,P0004,3,81,21,405,648538.77,Low Stock
INV000927,H004,WH004,P0244,815,146,80,730,37677.45,In Stock
INV000928,H004,WH004,P0479,579,64,14,320,11284.71,In Stock
INV000929,H004,WH004,P0021,801,37,21,185,11149.92,In Stock
INV000930,H004,WH004,P0421,42,68,70,340,2044.56,Low Stock
INV000931,H004,WH004,P0115,355,31,68,168,31204.5,In Stock
INV000932,H004,WH004,P0062,545,188,54,940,9221.4,In Stock
INV000933,H004,WH004,P0188,438,154,40,770,9933.84,In Stock
INV000934,H004,WH004,P0081,677,51,60,255,9444.15,In Stock
INV000935,H004,WH004,P0267,379,134,74,670,17259.66,In Stock
INV000936,H004,WH004,P0298,70,36,91,191,6113.1,In Stock
INV000937,H004,WH004,P0305,16,70,28,350,21661438.24,Low Stock
INV000938,H004,WH004,P0311,663,77,23,385,141802.44,In Stock
INV000939,H004,WH004,P0014,10,83,33,415,1414690.0,Low Stock
INV000940,H004,WH004,P0030,0,58,20,290,0.0,Out of Stock
INV000941,H004,WH004,P0460,13,110,18,550,7982146.64,Low Stock
INV000942,H004,WH004,P0177,15,99,12,495,2301183.6,Low Stock
INV000943,H004,WH004,P0016,3,107,67,535,3430953.81,Low Stock
INV000944,H004,WH004,P0235,13,79,67,395,2991043.25,Low Stock
INV000945,H004,WH004,P0428,983,67,63,335,112553.5,In Stock
INV000946,H004,WH004,P0487,370,139,34,695,25326.5,In Stock
INV000947,H004,WH004,P0395,650,84,87,420,50121.5,In Stock
INV000948,H004,WH004,P0202,912,62,52,310,71409.6,In Stock
INV000949,H004,WH004,P0086,848,144,30,720,244334.24,In Stock
INV000950,H004,WH004,P0097,470,128,19,640,328901.3,In Stock
INV000951,H004,WH004,P0310,4,139,20,695,1256877.88,Low Stock
INV000952,H004,WH004,P0318,13,181,98,905,111637711.77,Low Stock
INV000953,H004,WH004,P0247,5,124,46,620,1399716.75,Low Stock
INV000954,H004,WH004,P0430,16,33,73,173,304126044.96,Low Stock
INV000955,H004,WH004,P0346,20,148,31,740,6545592.2,Low Stock
INV000956,H004,WH004,P0236,276,79,25,395,1548.36,In Stock
INV000957,H004,WH004,P0035,630,122,60,610,253052.1,In Stock
INV000958,H004,WH004,P0174,827,52,97,260,71072.38,In Stock
INV000959,H004,WH004,P0466,941,40,29,200,6699.92,In Stock
INV000960,H004,WH004,P0366,551,193,33,965,5273.07,In Stock
INV000961,H004,WH004,P0368,793,82,61,410,48008.22,In Stock
INV000962,H004,WH004,P0348,15,172,98,860,1523545.35,Low Stock
INV000963,H004,WH004,P0465,476,146,57,730,3798.48,In Stock
INV000964,H004,WH004,P0142,446,138,69,690,43132.66,In Stock
INV000965,H004,WH004,P0122,18,97,90,485,2253125.7,Low Stock
INV000966,H004,WH004,P0327,274,47,41,235,5285.46,In Stock
INV000967,H004,WH004,P0441,330,137,95,685,16909.2,In Stock
INV000968,H004,WH004,P0028,7,55,65,275,6028336.09,Low Stock
INV000969,H004,WH004,P0469,850,170,82,850,18972.0,In Stock
INV000970,H004,WH004,P0243,2,67,89,335,552027.08,Low Stock
INV000971,H004,WH004,P0364,285,130,99,650,43086.3,In Stock
INV000972,H004,WH004,P0370,14,179,62,895,2203362.84,Low Stock
INV000973,H004,WH004,P0450,249,169,64,845,1996.98,In Stock
INV000974,H004,WH004,P0065,14,69,37,345,4856689.18,Low Stock
INV000975,H004,WH004,P0431,18,50,63,250,230981587.02,Low Stock
INV000976,H004,WH004,P0181,624,41,80,205,13777.92,In Stock
INV000977,H004,WH004,P0249,684,113,92,565,7667.64,In Stock
INV000978,H004,WH004,P0219,388,197,29,985,99196.08,In Stock
INV000979,H004,WH004,P0406,344,190,47,950,3925.04,In Stock
INV000980,H004,WH004,P0422,0,35,74,175,0.0,Out of Stock
INV000981,H004,WH004,P0013,15,139,84,695,4481439.3,Low Stock
INV000982,H004,WH004,P0312,871,51,52,255,51023.18,In Stock
INV000983,H004,WH004,P0440,332,41,47,205,5514.52,In Stock
INV000984,H004,WH004,P0214,186,87,98,435,1688.88,In Stock
INV000985,H004,WH004,P0367,499,100,43,500,11511.93,In Stock
INV000986,H004,WH004,P0156,217,91,23,455,59418.94,In Stock
INV000987,H004,WH004,P0499,363,50,42,250,19456.8,In Stock
INV000988,H004,WH004,P0006,816,167,84,835,47197.44,In Stock
INV000989,H004,WH004,P0221,264,151,35,755,4424.64,In Stock
INV000990,H004,WH004,P0183,348,52,90,260,216717.0,In Stock
INV000991,H004,WH004,P0338,286,21,54,154,10667.8,In Stock
INV000992,H004,WH004,P0389,19,91,55,455,1528705.04,Low Stock
INV000993,H004,WH004,P0426,718,45,93,225,585155.64,In Stock
INV000994,H004,WH004,P0055,901,179,88,895,36274.26,In Stock
INV000995,H004,WH004,P0074,282,47,81,235,4294.86,In Stock
INV000996,H004,WH004,P0486,569,63,66,315,668563.62,In Stock
INV000997,H004,WH004,P0274,10,187,27,935,6760.3,Low Stock
INV000998,H004,WH004,P0229,529,85,43,425,45150.15,In Stock
INV000999,H004,WH004,P0375,6,141,75,705,4598859.0,Low Stock
INV001000,H004,WH004,P0270,87,141,61,705,45112.98,Low Stock
INV001001,H005,WH005,P0160,13,161,80,805,4291137.37,Low Stock
INV001002,H005,WH005,P0042,500,142,71,710,824470.0,In Stock
INV001003,H005,WH005,P0113,568,61,17,305,153337.28,In Stock
INV001004,H005,WH005,P0234,7,46,10,230,1739237.22,Low Stock
INV001005,H005,WH005,P0333,15,93,89,465,16783614.15,Low Stock
INV001006,H005,WH005,P0134,661,141,42,705,964597.3,In Stock
INV001007,H005,WH005,P0131,15,24,90,190,8490216.15,Low Stock
INV001008,H005,WH005,P0062,458,188,54,940,7749.36,In Stock
INV001009,H005,WH005,P0411,811,180,26,900,329817.48,In Stock
INV001010,H005,WH005,P0392,17,118,17,590,123.93,Low Stock
INV001011,H005,WH005,P0344,95,42,64,210,610.85,In Stock
INV001012,H005,WH005,P0393,301,55,77,275,489997.9,In Stock
INV001013,H005,WH005,P0271,226,130,56,650,195969.12,In Stock
INV001014,H005,WH005,P0291,414,126,75,630,11989.44,In Stock
INV001015,H005,WH005,P0201,708,135,50,675,46041.24,In Stock
INV001016,H005,WH005,P0142,249,138,69,690,24080.79,In Stock
INV001017,H005,WH005,P0208,313,70,57,350,265818.38,In Stock
INV001018,H005,WH005,P0384,18,77,28,385,3405129.84,Low Stock
INV001019,H005,WH005,P0441,377,137,95,685,19317.48,In Stock
INV001020,H005,WH005,P0186,484,22,78,178,32636.12,In Stock
INV001021,H005,WH005,P0231,566,103,18,515,245010.08,In Stock
INV001022,H005,WH005,P0232,16,82,74,410,2846085.76,Low Stock
INV001023,H005,WH005,P0422,11,35,74,175,181387344.6,Low Stock
INV001024,H005,WH005,P0252,435,137,30,685,2962.35,In Stock
INV001025,H005,WH005,P0009,763,163,97,815,458906.35,In Stock
INV001026,H005,WH005,P0115,563,31,68,168,49487.7,In Stock
INV001027,H005,WH005,P0458,338,72,42,360,215924.54,In Stock
INV001028,H005,WH005,P0016,11,107,67,535,12580163.97,Low Stock
INV001029,H005,WH005,P0197,14,67,38,335,174110593.16,Low Stock
INV001030,H005,WH005,P0261,277,122,76,610,171055.81,In Stock
INV001031,H005,WH005,P0289,313,99,91,495,33049.67,In Stock
INV001032,H005,WH005,P0140,257,144,44,720,66331.7,In Stock
INV001033,H005,WH005,P0420,7,32,61,161,1718095.82,Low Stock
INV001034,H005,WH005,P0130,123,116,67,580,4729.35,In Stock
INV001035,H005,WH005,P0304,738,23,88,188,212507.1,In Stock
INV001036,H005,WH005,P0320,197,131,39,655,10165.2,In Stock
INV001037,H005,WH005,P0036,323,35,34,175,413930.96,In Stock
INV001038,H005,WH005,P0211,3,180,61,900,531129.0,Low Stock
INV001039,H005,WH005,P0457,760,99,87,495,370560.8,In Stock
INV001040,H005,WH005,P0462,17,71,34,355,2822827.56,Low Stock
INV001041,H005,WH005,P0198,5,190,17,950,754474.7,Low Stock
INV001042,H005,WH005,P0178,196,170,72,850,53108.16,In Stock
INV001043,H005,WH005,P0003,221,29,21,145,166821.85,In Stock
INV001044,H005,WH005,P0035,756,122,60,610,303662.52,In Stock
INV001045,H005,WH005,P0379,495,117,61,585,9246.6,In Stock
INV001046,H005,WH005,P0151,283,56,63,280,12536.9,In Stock
INV001047,H005,WH005,P0372,741,145,23,725,12352.47,In Stock
INV001048,H005,WH005,P0269,18,134,89,670,2863735.74,Low Stock
INV001049,H005,WH005,P0358,1000,58,28,290,21610.0,In Stock
INV001050,H005,WH005,P0251,16,128,24,640,5238000.48,Low Stock
INV001051,H005,WH005,P0467,611,91,76,455,8529.56,In Stock
INV001052,H005,WH005,P0015,289,167,48,835,70793.44,In Stock
INV001053,H005,WH005,P0075,102,30,22,150,43273.5,In Stock
INV001054,H005,WH005,P0038,852,20,82,182,11936.52,In Stock
INV001055,H005,WH005,P0485,6,85,59,425,810396.78,Low Stock
INV001056,H005,WH005,P0228,303,95,47,475,19658.64,In Stock
INV001057,H005,WH005,P0288,7,177,16,885,833756.28,Low Stock
INV001058,H005,WH005,P0255,369,153,31,765,175703.04,In Stock
INV001059,H005,WH005,P0143,5,160,35,800,1052094.3,Low Stock
INV001060,H005,WH005,P0171,309,25,62,162,2743.92,In Stock
INV001061,H005,WH005,P0119,0,91,74,455,0.0,Out of Stock
INV001062,H005,WH005,P0256,725,70,48,350,658872.75,In Stock
INV001063,H005,WH005,P0305,17,70,28,350,23015278.13,Low Stock
INV001064,H005,WH005,P0045,129,57,98,285,51936.69,In Stock
INV001065,H005,WH005,P0444,280,144,87,720,27540.8,In Stock
INV001066,H005,WH005,P0286,46,87,58,435,3251.28,Low Stock
INV001067,H005,WH005,P0303,1,67,40,335,532792.81,Low Stock
INV001068,H005,WH005,P0473,17,33,14,165,2367096.49,Low Stock
INV001069,H005,WH005,P0361,9,23,61,161,2040306.84,Low Stock
INV001070,H005,WH005,P0080,714,163,35,815,44232.3,In Stock
INV001071,H005,WH005,P0403,4,56,99,280,637624.04,Low Stock
INV001072,H005,WH005,P0029,653,111,97,555,10448.0,In Stock
INV001073,H005,WH005,P0302,889,31,17,155,26589.99,In Stock
INV001074,H005,WH005,P0465,770,146,57,730,6144.6,In Stock
INV001075,H005,WH005,P0154,502,84,57,420,26570.86,In Stock
INV001076,H005,WH005,P0010,105,115,22,575,33283.95,Low Stock
INV001077,H005,WH005,P0342,893,48,91,240,96336.84,In Stock
INV001078,H005,WH005,P0335,0,108,70,540,0.0,Out of Stock
INV001079,H005,WH005,P0306,18,175,92,875,2986005.6,Low Stock
INV001080,H005,WH005,P0307,9,126,88,630,12076881.48,Low Stock
INV001081,H005,WH005,P0308,480,96,90,480,278673.6,In Stock
INV001082,H005,WH005,P0124,15,146,29,730,4436874.15,Low Stock
INV001083,H005,WH005,P0330,451,95,50,475,141438.11,In Stock
INV001084,H005,WH005,P0400,348,132,95,660,35941.44,In Stock
INV001085,H005,WH005,P0065,5,69,37,345,1734531.85,Low Stock
INV001086,H005,WH005,P0039,988,177,13,885,591614.4,In Stock
INV001087,H005,WH005,P0277,52,36,54,180,24673.48,In Stock
INV001088,H005,WH005,P0394,258,188,11,940,3070.2,In Stock
INV001089,H005,WH005,P0179,963,134,41,670,324116.91,In Stock
INV001090,H005,WH005,P0099,15,37,43,185,267651443.25,Low Stock
INV001091,H005,WH005,P0343,116,180,51,900,21622.4,Low Stock
INV001092,H005,WH005,P0106,841,29,11,145,133020.97,In Stock
INV001093,H005,WH005,P0222,2,83,62,415,586327.4,Low Stock
INV001094,H005,WH005,P0296,12,113,89,565,84070807.8,Low Stock
INV001095,H005,WH005,P0177,15,99,12,495,2301183.6,Low Stock
INV001096,H005,WH005,P0025,2,35,37,175,13512873.84,Low Stock
INV001097,H005,WH005,P0018,18,107,29,535,2842943.04,Low Stock
INV001098,H005,WH005,P0413,644,92,65,460,248899.56,In Stock
INV001099,H005,WH005,P0216,702,26,39,139,305573.58,In Stock
INV001100,H005,WH005,P0409,54,194,52,970,16755.12,Low Stock
INV001101,H005,WH005,P0352,155,52,52,260,41191.25,In Stock
INV001102,H005,WH005,P0111,152,123,54,615,1212.96,In Stock
INV001103,H005,WH005,P0169,18,69,41,345,2737927.62,Low Stock
INV001104,H005,WH005,P0046,9,155,48,775,15195505.68,Low Stock
INV001105,H005,WH005,P0417,2,104,34,520,429263.38,Low Stock
INV001106,H005,WH005,P0098,254,86,20,430,29227.78,In Stock
INV001107,H005,WH005,P0396,121,67,67,335,166797.29,In Stock
INV001108,H005,WH005,P0238,17,134,87,670,27641414.01,Low Stock
INV001109,H005,WH005,P0032,782,92,10,460,13121.96,In Stock
INV001110,H005,WH005,P0437,426,75,25,375,9759.66,In Stock
INV001111,H005,WH005,P0002,620,113,84,565,1005187.4,In Stock
INV001112,H005,WH005,P0138,610,173,28,865,34635.8,In Stock
INV001113,H005,WH005,P0314,809,195,76,975,41259.0,In Stock
INV001114,H005,WH005,P0203,633,28,49,149,19705.29,In Stock
INV001115,H005,WH005,P0221,231,151,35,755,3871.56,In Stock
INV001116,H005,WH005,P0240,16,109,37,545,250329464.64,Low Stock
INV001117,H005,WH005,P0480,389,161,13,805,44847.81,In Stock
INV001118,H005,WH005,P0017,461,50,75,250,40899.92,In Stock
INV001119,H005,WH005,P0183,930,52,90,260,579157.5,In Stock
INV001120,H005,WH005,P0275,453,69,26,345,330028.62,In Stock
INV001121,H005,WH005,P0120,304,43,43,215,8530.24,In Stock
INV001122,H005,WH005,P0188,880,154,40,770,19958.4,In Stock
INV001123,H005,WH005,P0274,602,187,27,935,406970.06,In Stock
INV001124,H005,WH005,P0245,13,45,60,225,1179829.04,Low Stock
INV001125,H005,WH005,P0334,312,27,65,165,18018.0,In Stock
INV001126,H005,WH005,P0329,582,142,22,710,945784.92,In Stock
INV001127,H005,WH005,P0150,19,20,72,172,2388526.29,Low Stock
INV001128,H005,WH005,P0092,1,48,39,240,1749007.13,Low Stock
INV001129,H005,WH005,P0301,19,152,73,760,221469957.83,Low Stock
INV001130,H005,WH005,P0264,983,190,51,950,19807.45,In Stock
INV001131,H005,WH005,P0136,757,146,58,730,48743.23,In Stock
INV001132,H005,WH005,P0382,101,120,69,600,10031.32,Low Stock
INV001133,H005,WH005,P0023,970,92,59,460,89016.9,In Stock
INV001134,H005,WH005,P0348,6,172,98,860,609418.14,Low Stock
INV001135,H005,WH005,P0173,20,35,73,175,3643103.2,Low Stock
INV001136,H005,WH005,P0087,216,200,65,1000,14927.76,In Stock
INV001137,H005,WH005,P0079,8,142,74,710,9546168.56,Low Stock
INV001138,H005,WH005,P0472,676,71,33,355,72670.0,In Stock
INV001139,H005,WH005,P0060,83,58,85,290,74328.16,In Stock
INV001140,H005,WH005,P0323,160,47,89,235,43422.4,In Stock
INV001141,H005,WH005,P0164,245,92,48,460,136445.4,In Stock
INV001142,H005,WH005,P0181,177,41,80,205,3908.16,In Stock
INV001143,H005,WH005,P0405,17,21,30,130,305033812.14,Low Stock
INV001144,H005,WH005,P0355,76,59,41,295,1662.12,In Stock
INV001145,H005,WH005,P0478,160,134,30,670,7667.2,In Stock
INV001146,H005,WH005,P0477,2,184,21,920,131.0,Low Stock
INV001147,H005,WH005,P0225,418,44,63,220,37607.46,In Stock
INV001148,H005,WH005,P0083,14,191,48,955,1915448.92,Low Stock
INV001149,H005,WH005,P0044,19,61,76,305,4197202.79,Low Stock
INV001150,H005,WH005,P0067,481,159,63,795,199085.9,In Stock
INV001151,H005,WH005,P0085,298,139,38,695,2127.72,In Stock
INV001152,H005,WH005,P0066,33,148,40,740,14055.36,Low Stock
INV001153,H005,WH005,P0369,237,84,64,420,54073.92,In Stock
INV001154,H005,WH005,P0082,9,191,40,955,1203449.13,Low Stock
INV001155,H005,WH005,P0227,723,178,96,890,20229.54,In Stock
INV001156,H005,WH005,P0070,289,156,29,780,6748.15,In Stock
INV001157,H005,WH005,P0209,14,69,51,345,23735016.76,Low Stock
INV001158,H005,WH005,P0381,72,47,38,235,15747.84,In Stock
INV001159,H005,WH005,P0474,7,200,68,1000,6863663.03,Low Stock
INV001160,H005,WH005,P0318,8,181,98,905,68700130.32,Low Stock
INV001161,H005,WH005,P0469,806,170,82,850,17989.92,In Stock
INV001162,H005,WH005,P0145,20,149,67,745,1859978.4,Low Stock
INV001163,H005,WH005,P0360,603,91,36,455,16015.68,In Stock
INV001164,H005,WH005,P0061,6,57,88,285,1302632.04,Low Stock
INV001165,H005,WH005,P0359,435,131,45,655,124388.25,In Stock
INV001166,H005,WH005,P0284,117,182,56,910,183487.59,Low Stock
INV001167,H005,WH005,P0455,557,108,78,540,36489.07,In Stock
INV001168,H005,WH005,P0093,230,30,33,150,203333.8,In Stock
INV001169,H005,WH005,P0064,663,154,27,770,389114.7,In Stock
INV001170,H005,WH005,P0363,152,85,87,425,11713.12,In Stock
INV001171,H005,WH005,P0095,8,151,83,755,1234837.04,Low Stock
INV001172,H005,WH005,P0434,846,125,80,625,66622.5,In Stock
INV001173,H005,WH005,P0278,4,60,51,300,65370786.0,Low Stock
INV001174,H005,WH005,P0213,73,175,53,875,4058.8,Low Stock
INV001175,H005,WH005,P0430,1,33,73,173,19007877.81,Low Stock
INV001176,H005,WH005,P0012,5,194,78,970,40446903.45,Low Stock
INV001177,H005,WH005,P0259,811,183,38,915,207729.54,In Stock
INV001178,H005,WH005,P0247,9,124,46,620,2519490.15,Low Stock
INV001179,H005,WH005,P0346,19,148,31,740,6218312.59,Low Stock
INV001180,H005,WH005,P0059,18,41,30,205,2668243.68,Low Stock
INV001181,H005,WH005,P0362,943,148,90,740,19633.26,In Stock
INV001182,H005,WH005,P0297,295,23,41,141,4277.5,In Stock
INV001183,H005,WH005,P0235,14,79,67,395,3221123.5,Low Stock
INV001184,H005,WH005,P0337,127,20,77,177,1363.98,In Stock
INV001185,H005,WH005,P0388,479,193,33,965,15078.92,In Stock
INV001186,H005,WH005,P0427,705,99,81,495,341523.15,In Stock
INV001187,H005,WH005,P0175,9,75,21,375,10691940.69,Low Stock
INV001188,H005,WH005,P0353,12,198,40,990,2271109.92,Low Stock
INV001189,H005,WH005,P0001,965,186,16,930,18547.3,In Stock
INV001190,H005,WH005,P0020,278,107,98,535,111514.14,In Stock
INV001191,H005,WH005,P0147,512,112,26,560,482170.88,In Stock
INV001192,H005,WH005,P0137,552,31,88,188,706013.52,In Stock
INV001193,H005,WH005,P0126,505,154,74,770,21664.5,In Stock
INV001194,H005,WH005,P0072,14,58,32,290,70825821.22,Low Stock
INV001195,H005,WH005,P0445,82,140,96,700,37567.48,Low Stock
INV001196,H005,WH005,P0236,612,79,25,395,3433.32,In Stock
INV001197,H005,WH005,P0196,40,95,23,475,1916.4,Low Stock
INV001198,H005,WH005,P0287,910,104,20,520,12430.6,In Stock
INV001199,H005,WH005,P0454,442,90,80,450,243444.76,In Stock
INV001200,H005,WH005,P0184,752,198,24,990,61859.52,In Stock
INV001201,H005,WH005,P0273,330,150,20,750,100141.8,In Stock
INV001202,H005,WH005,P0499,618,50,42,250,33124.8,In Stock
INV001203,H005,WH005,P0163,8,160,26,800,706608.56,Low Stock
INV001204,H005,WH005,P0168,0,105,67,525,0.0,Out of Stock
INV001205,H005,WH005,P0214,93,87,98,435,844.44,In Stock
INV001206,H005,WH005,P0391,7,41,94,205,1843615.9,Low Stock
INV001207,H005,WH005,P0123,984,188,86,940,24668.88,In Stock
INV001208,H005,WH005,P0446,690,112,92,560,237491.1,In Stock
INV001209,H005,WH005,P0237,856,39,57,195,337940.24,In Stock
INV001210,H005,WH005,P0496,881,105,31,525,75484.08,In Stock
INV001211,H005,WH005,P0048,589,156,79,780,283426.8,In Stock
INV001212,H005,WH005,P0058,601,42,60,210,319762.05,In Stock
INV001213,H005,WH005,P0254,973,149,31,745,1335792.78,In Stock
INV001214,H005,WH005,P0101,0,88,89,440,0.0,Out of Stock
INV001215,H005,WH005,P0027,783,134,61,670,11690.19,In Stock
INV001216,H005,WH005,P0470,688,129,22,645,24561.6,In Stock
INV001217,H005,WH005,P0432,8,123,67,615,123485456.96,Low Stock
INV001218,H005,WH005,P0156,590,91,23,455,161553.8,In Stock
INV001219,H005,WH005,P0373,41,61,35,305,17450.01,Low Stock
INV001220,H005,WH005,P0371,5,66,93,330,6889092.55,Low Stock
INV001221,H005,WH005,P0141,481,192,72,960,10327.07,In Stock
INV001222,H005,WH005,P0146,531,39,84,195,37674.45,In Stock
INV001223,H005,WH005,P0189,20,125,100,625,16423518.0,Low Stock
INV001224,H005,WH005,P0367,452,100,43,500,10427.64,In Stock
INV001225,H005,WH005,P0129,938,30,27,150,28093.1,In Stock
INV001226,H005,WH005,P0206,284,163,36,815,3209.2,In Stock
INV001227,H005,WH005,P0438,185,165,41,825,103048.7,In Stock
INV001228,H005,WH005,P0386,599,140,55,700,237635.28,In Stock
INV001229,H005,WH005,P0257,446,143,50,715,354231.04,In Stock
INV001230,H005,WH005,P0349,650,109,84,545,274566.5,In Stock
INV001231,H005,WH005,P0076,15,27,18,135,16317430.5,Low Stock
INV001232,H005,WH005,P0313,992,33,44,165,279039.68,In Stock
INV001233,H005,WH005,P0433,93,172,85,860,75714.09,Low Stock
INV001234,H005,WH005,P0159,481,27,90,190,31933.59,In Stock
INV001235,H005,WH005,P0114,356,149,95,745,521621.88,In Stock
INV001236,H005,WH005,P0170,418,101,40,505,407424.6,In Stock
INV001237,H005,WH005,P0051,10,27,13,135,11406164.0,Low Stock
INV001238,H005,WH005,P0315,328,41,74,205,20877.2,In Stock
INV001239,H005,WH005,P0475,3,36,86,186,723074.58,Low Stock
INV001240,H005,WH005,P0008,5,94,63,470,8080045.0,Low Stock
INV001241,H005,WH005,P0322,10,164,31,820,137799844.6,Low Stock
INV001242,H005,WH005,P0167,421,148,73,740,10739.71,In Stock
INV001243,H005,WH005,P0241,710,31,36,155,343888.5,In Stock
INV001244,H005,WH005,P0452,507,102,43,510,179006.49,In Stock
INV001245,H005,WH005,P0014,9,83,33,415,1273221.0,Low Stock
INV001246,H005,WH005,P0007,12,76,15,380,1576866.48,Low Stock
INV001247,H005,WH005,P0311,833,77,23,385,178162.04,In Stock
INV001248,H005,WH005,P0401,778,127,39,635,1054236.68,In Stock
INV001249,H005,WH005,P0109,17,159,60,795,4606951.89,Low Stock
INV001250,H005,WH005,P0112,37,38,90,190,26584.13,Low Stock
