Product_ID,SKU,Product_Name,Category,Subcategory,Brand,Manufacturer,Unit,Unit_Cost,Reorder_Level,Safety_Stock,Shelf_Life_Months,Storage_Type,Critical_Item,Disposable
P0001,SKU-00001,Syringe 5ml,Consumables,Syringes,BD,Becton Dickinson,Piece,19.22,186,16,60,Room Temperature,No,Yes
P0002,SKU-00002,N95 Mask,PPE,Masks,Honeywell,Honeywell,Box,1621.27,113,84,12,Room Temperature,No,Yes
P0003,SKU-00003,Surgical Mask,PPE,Masks,3M,3M,Box,754.85,29,21,24,Room Temperature,No,Yes
P0004,SKU-00004,Patient Monitor,Equipment,Monitoring,Philips,Philips,Unit,216179.59,81,21,0,Equipment Room,Yes,No
P0005,SKU-00005,Ventilator,Equipment,Monitoring,Drager,Drager,Unit,1051874.95,164,25,0,Equipment Room,Yes,No
P0006,SKU-00006,IV Cannula,Consumables,IV,BD,Becton Dickinson,Piece,57.84,167,84,12,Room Temperature,Yes,Yes
P0007,SKU-00007,Patient Monitor,Equipment,Monitoring,Philips,Philips,Unit,131405.54,76,15,0,Equipment Room,Yes,No
P0008,SKU-00008,Ventilator,Equipment,Monitoring,Drager,Drager,Unit,1616009.0,94,63,0,Equipment Room,Yes,No
P0009,SKU-00009,Latex Gloves,PPE,Gloves,Medline,Medline,Box,601.45,163,97,36,Room Temperature,No,Yes
P0010,SKU-00010,Latex Gloves,PPE,Gloves,Medline,Medline,Box,316.99,115,22,24,Room Temperature,No,Yes
P0011,SKU-00011,Ventilator,Equipment,Monitoring,Drager,Drager,Unit,1425744.0,164,17,0,Equipment Room,Yes,No
P0012,SKU-00012,MRI Scanner,Equipment,Imaging,Siemens,Siemens Healthineers,Unit,8089380.69,194,78,0,Equipment Room,No,No
P0013,SKU-00013,Patient Monitor,Equipment,Monitoring,Philips,Philips,Unit,298762.62,139,84,0,Equipment Room,Yes,No
P0014,SKU-00014,ECG Machine,Equipment,Monitoring,GE,GE Healthcare,Unit,141469.0,83,33,0,Equipment Room,No,No
P0015,SKU-00015,Amoxicillin,Medicines,Antibiotics,Pfizer,Pfizer,Strip,244.96,167,48,12,Pharmacy,No,Yes
P0016,SKU-00016,Ventilator,Equipment,Monitoring,Drager,Drager,Unit,1143651.27,107,67,0,Equipment Room,Yes,No
P0017,SKU-00017,IV Drip Set,Consumables,IV,Baxter,Baxter,Piece,88.72,50,75,12,Room Temperature,Yes,Yes
P0018,SKU-00018,Patient Monitor,Equipment,Monitoring,Philips,Philips,Unit,157941.28,107,29,0,Equipment Room,Yes,No
P0019,SKU-00019,ECG Machine,Equipment,Monitoring,GE,GE Healthcare,Unit,151688.72,191,19,0,Equipment Room,No,No
P0020,SKU-00020,COVID Test Kit,Diagnostics,Rapid Tests,Abbott,Abbott,Kit,401.13,107,98,36,Room Temperature,No,Yes
P0021,SKU-00021,Syringe 5ml,Consumables,Syringes,BD,Becton Dickinson,Piece,13.92,37,21,60,Room Temperature,No,Yes
P0022,SKU-00022,IV Drip Set,Consumables,IV,Baxter,Baxter,Piece,77.93,35,99,12,Room Temperature,Yes,Yes
P0023,SKU-00023,IV Drip Set,Consumables,IV,Baxter,Baxter,Piece,91.77,92,59,60,Room Temperature,Yes,Yes
P0024,SKU-00024,Paracetamol,Medicines,Analgesics,Cipla,Cipla,Strip,37.56,110,31,60,Pharmacy,No,Yes
P0025,SKU-00025,MRI Scanner,Equipment,Imaging,Siemens,Siemens Healthineers,Unit,6756436.92,35,37,0,Equipment Room,No,No
P0026,SKU-00026,COVID Test Kit,Diagnostics,Rapid Tests,Abbott,Abbott,Kit,279.34,121,60,24,Room Temperature,No,Yes
P0027,SKU-00027,Blood Collection Tube,Laboratory,Lab Consumables,Thermo Fisher,Thermo Fisher,Piece,14.93,134,61,24,Room Temperature,No,Yes
P0028,SKU-00028,Ventilator,Equipment,Monitoring,Drager,Drager,Unit,861190.87,55,65,0,Equipment Room,Yes,No
P0029,SKU-00029,Blood Collection Tube,Laboratory,Lab Consumables,Thermo Fisher,Thermo Fisher,Piece,16.0,111,97,60,Room Temperature,No,Yes
P0030,SKU-00030,Patient Monitor,Equipment,Monitoring,Philips,Philips,Unit,340278.18,58,20,0,Equipment Room,Yes,No
P0031,SKU-00031,Latex Gloves,PPE,Gloves,Medline,Medline,Box,348.34,23,72,24,Room Temperature,No,Yes
P0032,SKU-00032,Blood Collection Tube,Laboratory,Lab Consumables,Thermo Fisher,Thermo Fisher,Piece,16.78,92,10,36,Room Temperature,No,Yes
P0033,SKU-00033,Latex Gloves,PPE,Gloves,Medline,Medline,Box,522.32,176,82,36,Room Temperature,No,Yes
P0034,SKU-00034,Syringe 5ml,Consumables,Syringes,BD,Becton Dickinson,Piece,19.3,136,97,12,Room Temperature,No,Yes
P0035,SKU-00035,COVID Test Kit,Diagnostics,Rapid Tests,Abbott,Abbott,Kit,401.67,122,60,60,Room Temperature,No,Yes
P0036,SKU-00036,N95 Mask,PPE,Masks,Honeywell,Honeywell,Box,1281.52,35,34,60,Room Temperature,No,Yes
P0037,SKU-00037,N95 Mask,PPE,Masks,Honeywell,Honeywell,Box,1784.67,61,24,60,Room Temperature,No,Yes
P0038,SKU-00038,Syringe 5ml,Consumables,Syringes,BD,Becton Dickinson,Piece,14.01,20,82,12,Room Temperature,No,Yes
P0039,SKU-00039,Latex Gloves,PPE,Gloves,Medline,Medline,Box,598.8,177,13,36,Room Temperature,No,Yes
P0040,SKU-00040,N95 Mask,PPE,Masks,Honeywell,Honeywell,Box,1674.33,58,91,60,Room Temperature,No,Yes
P0041,SKU-00041,IV Drip Set,Consumables,IV,Baxter,Baxter,Piece,116.44,141,25,36,Room Temperature,Yes,Yes
P0042,SKU-00042,N95 Mask,PPE,Masks,Honeywell,Honeywell,Box,1648.94,142,71,60,Room Temperature,No,Yes
P0043,SKU-00043,IV Drip Set,Consumables,IV,Baxter,Baxter,Piece,46.87,107,43,12,Room Temperature,Yes,Yes
P0044,SKU-00044,ECG Machine,Equipment,Monitoring,GE,GE Healthcare,Unit,220905.41,61,76,0,Equipment Room,No,No
P0045,SKU-00045,Surgical Mask,PPE,Masks,3M,3M,Box,402.61,57,98,36,Room Temperature,No,Yes
P0046,SKU-00046,Ventilator,Equipment,Monitoring,Drager,Drager,Unit,1688389.52,155,48,0,Equipment Room,Yes,No
P0047,SKU-00047,Paracetamol,Medicines,Analgesics,Cipla,Cipla,Strip,71.12,152,56,36,Pharmacy,No,Yes
P0048,SKU-00048,Latex Gloves,PPE,Gloves,Medline,Medline,Box,481.2,156,79,24,Room Temperature,No,Yes
P0049,SKU-00049,COVID Test Kit,Diagnostics,Rapid Tests,Abbott,Abbott,Kit,376.21,176,34,24,Room Temperature,No,Yes
P0050,SKU-00050,COVID Test Kit,Diagnostics,Rapid Tests,Abbott,Abbott,Kit,257.72,78,35,60,Room Temperature,No,Yes
P0051,SKU-00051,Ventilator,Equipment,Monitoring,Drager,Drager,Unit,1140616.4,27,13,0,Equipment Room,Yes,No
P0052,SKU-00052,COVID Test Kit,Diagnostics,Rapid Tests,Abbott,Abbott,Kit,275.74,69,98,36,Room Temperature,No,Yes
P0053,SKU-00053,MRI Scanner,Equipment,Imaging,Siemens,Siemens Healthineers,Unit,19347726.15,134,54,0,Equipment Room,No,No
P0054,SKU-00054,Syringe 5ml,Consumables,Syringes,BD,Becton Dickinson,Piece,6.21,78,70,12,Room Temperature,No,Yes
P0055,SKU-00055,IV Cannula,Consumables,IV,BD,Becton Dickinson,Piece,40.26,179,88,60,Room Temperature,Yes,Yes
P0056,SKU-00056,Blood Collection Tube,Laboratory,Lab Consumables,Thermo Fisher,Thermo Fisher,Piece,5.04,184,20,36,Room Temperature,No,Yes
P0057,SKU-00057,Blood Collection Tube,Laboratory,Lab Consumables,Thermo Fisher,Thermo Fisher,Piece,18.21,71,71,60,Room Temperature,No,Yes
P0058,SKU-00058,Latex Gloves,PPE,Gloves,Medline,Medline,Box,532.05,42,60,36,Room Temperature,No,Yes
P0059,SKU-00059,ECG Machine,Equipment,Monitoring,GE,GE Healthcare,Unit,148235.76,41,30,0,Equipment Room,No,No
P0060,SKU-00060,Latex Gloves,PPE,Gloves,Medline,Medline,Box,895.52,58,85,12,Room Temperature,No,Yes
P0061,SKU-00061,ECG Machine,Equipment,Monitoring,GE,GE Healthcare,Unit,217105.34,57,88,0,Equipment Room,No,No
P0062,SKU-00062,Blood Collection Tube,Laboratory,Lab Consumables,Thermo Fisher,Thermo Fisher,Piece,16.92,188,54,60,Room Temperature,No,Yes
P0063,SKU-00063,Latex Gloves,PPE,Gloves,Medline,Medline,Box,606.63,25,11,24,Room Temperature,No,Yes
P0064,SKU-00064,COVID Test Kit,Diagnostics,Rapid Tests,Abbott,Abbott,Kit,586.9,154,27,12,Room Temperature,No,Yes
P0065,SKU-00065,Patient Monitor,Equipment,Monitoring,Philips,Philips,Unit,346906.37,69,37,0,Equipment Room,Yes,No
P0066,SKU-00066,Surgical Mask,PPE,Masks,3M,3M,Box,425.92,148,40,36,Room Temperature,No,Yes
P0067,SKU-00067,COVID Test Kit,Diagnostics,Rapid Tests,Abbott,Abbott,Kit,413.9,159,63,36,Room Temperature,No,Yes
P0068,SKU-00068,Blood Collection Tube,Laboratory,Lab Consumables,Thermo Fisher,Thermo Fisher,Piece,7.62,137,94,36,Room Temperature,No,Yes
P0069,SKU-00069,MRI Scanner,Equipment,Imaging,Siemens,Siemens Healthineers,Unit,17225705.49,152,63,0,Equipment Room,No,No
P0070,SKU-00070,Blood Collection Tube,Laboratory,Lab Consumables,Thermo Fisher,Thermo Fisher,Piece,23.35,156,29,24,Room Temperature,No,Yes
P0071,SKU-00071,Ventilator,Equipment,Monitoring,Drager,Drager,Unit,1163711.12,132,33,0,Equipment Room,Yes,No
P0072,SKU-00072,MRI Scanner,Equipment,Imaging,Siemens,Siemens Healthineers,Unit,5058987.23,58,32,0,Equipment Room,No,No
P0073,SKU-00073,Latex Gloves,PPE,Gloves,Medline,Medline,Box,557.77,162,17,12,Room Temperature,No,Yes
P0074,SKU-00074,Syringe 5ml,Consumables,Syringes,BD,Becton Dickinson,Piece,15.23,47,81,60,Room Temperature,No,Yes
P0075,SKU-00075,Surgical Mask,PPE,Masks,3M,3M,Box,424.25,30,22,36,Room Temperature,No,Yes
P0076,SKU-00076,Ventilator,Equipment,Monitoring,Drager,Drager,Unit,1087828.7,27,18,0,Equipment Room,Yes,No
P0077,SKU-00077,ECG Machine,Equipment,Monitoring,GE,GE Healthcare,Unit,135354.32,149,87,0,Equipment Room,No,No
P0078,SKU-00078,Ventilator,Equipment,Monitoring,Drager,Drager,Unit,759224.17,90,67,0,Equipment Room,Yes,No
P0079,SKU-00079,Ventilator,Equipment,Monitoring,Drager,Drager,Unit,1193271.07,142,74,0,Equipment Room,Yes,No
P0080,SKU-00080,IV Cannula,Consumables,IV,BD,Becton Dickinson,Piece,61.95,163,35,36,Room Temperature,Yes,Yes
P0081,SKU-00081,Blood Collection Tube,Laboratory,Lab Consumables,Thermo Fisher,Thermo Fisher,Piece,13.95,51,60,60,Room Temperature,No,Yes
P0082,SKU-00082,ECG Machine,Equipment,Monitoring,GE,GE Healthcare,Unit,133716.57,191,40,0,Equipment Room,No,No
P0083,SKU-00083,Patient Monitor,Equipment,Monitoring,Philips,Philips,Unit,136817.78,191,48,0,Equipment Room,Yes,No
P0084,SKU-00084,COVID Test Kit,Diagnostics,Rapid Tests,Abbott,Abbott,Kit,205.06,184,94,24,Room Temperature,No,Yes
P0085,SKU-00085,Syringe 5ml,Consumables,Syringes,BD,Becton Dickinson,Piece,7.14,139,38,24,Room Temperature,No,Yes
P0086,SKU-00086,Amoxicillin,Medicines,Antibiotics,Pfizer,Pfizer,Strip,288.13,144,30,60,Pharmacy,No,Yes
P0087,SKU-00087,Paracetamol,Medicines,Analgesics,Cipla,Cipla,Strip,69.11,200,65,24,Pharmacy,No,Yes
P0088,SKU-00088,Ventilator,Equipment,Monitoring,Drager,Drager,Unit,1024952.68,127,35,0,Equipment Room,Yes,No
P0089,SKU-00089,Syringe 5ml,Consumables,Syringes,BD,Becton Dickinson,Piece,9.78,24,53,36,Room Temperature,No,Yes
P0090,SKU-00090,Ventilator,Equipment,Monitoring,Drager,Drager,Unit,1096272.0,200,12,0,Equipment Room,Yes,No
P0091,SKU-00091,Patient Monitor,Equipment,Monitoring,Philips,Philips,Unit,196244.51,179,47,0,Equipment Room,Yes,No
P0092,SKU-00092,Ventilator,Equipment,Monitoring,Drager,Drager,Unit,1749007.13,48,39,0,Equipment Room,Yes,No
P0093,SKU-00093,N95 Mask,PPE,Masks,Honeywell,Honeywell,Box,884.06,30,33,36,Room Temperature,No,Yes
P0094,SKU-00094,IV Drip Set,Consumables,IV,Baxter,Baxter,Piece,100.46,193,43,60,Room Temperature,Yes,Yes
P0095,SKU-00095,Patient Monitor,Equipment,Monitoring,Philips,Philips,Unit,154354.63,151,83,0,Equipment Room,Yes,No
P0096,SKU-00096,ECG Machine,Equipment,Monitoring,GE,GE Healthcare,Unit,199070.97,42,45,0,Equipment Room,No,No
P0097,SKU-00097,Surgical Mask,PPE,Masks,3M,3M,Box,699.79,128,19,24,Room Temperature,No,Yes
P0098,SKU-00098,IV Drip Set,Consumables,IV,Baxter,Baxter,Piece,115.07,86,20,12,Room Temperature,Yes,Yes
P0099,SKU-00099,MRI Scanner,Equipment,Imaging,Siemens,Siemens Healthineers,Unit,17843429.55,37,43,0,Equipment Room,No,No
P0100,SKU-00100,Blood Collection Tube,Laboratory,Lab Consumables,Thermo Fisher,Thermo Fisher,Piece,7.43,106,80,12,Room Temperature,No,Yes
P0101,SKU-00101,Patient Monitor,Equipment,Monitoring,Philips,Philips,Unit,333133.94,88,89,0,Equipment Room,Yes,No
P0102,SKU-00102,Latex Gloves,PPE,Gloves,Medline,Medline,Box,278.08,48,30,24,Room Temperature,No,Yes
P0103,SKU-00103,IV Drip Set,Consumables,IV,Baxter,Baxter,Piece,44.03,99,90,24,Room Temperature,Yes,Yes
P0104,SKU-00104,IV Drip Set,Consumables,IV,Baxter,Baxter,Piece,82.49,94,67,24,Room Temperature,Yes,Yes
P0105,SKU-00105,Ventilator,Equipment,Monitoring,Drager,Drager,Unit,1373804.36,89,54,0,Equipment Room,Yes,No
P0106,SKU-00106,COVID Test Kit,Diagnostics,Rapid Tests,Abbott,Abbott,Kit,158.17,29,11,36,Room Temperature,No,Yes
P0107,SKU-00107,Surgical Mask,PPE,Masks,3M,3M,Box,666.54,151,70,24,Room Temperature,No,Yes
P0108,SKU-00108,IV Cannula,Consumables,IV,BD,Becton Dickinson,Piece,76.08,188,93,12,Room Temperature,Yes,Yes
P0109,SKU-00109,Patient Monitor,Equipment,Monitoring,Philips,Philips,Unit,270997.17,159,60,0,Equipment Room,Yes,No
P0110,SKU-00110,Ventilator,Equipment,Monitoring,Drager,Drager,Unit,900117.96,75,39,0,Equipment Room,Yes,No
P0111,SKU-00111,Syringe 5ml,Consumables,Syringes,BD,Becton Dickinson,Piece,7.98,123,54,24,Room Temperature,No,Yes
P0112,SKU-00112,Surgical Mask,PPE,Masks,3M,3M,Box,718.49,38,90,12,Room Temperature,No,Yes
P0113,SKU-00113,Amoxicillin,Medicines,Antibiotics,Pfizer,Pfizer,Strip,269.96,61,17,60,Pharmacy,No,Yes
P0114,SKU-00114,N95 Mask,PPE,Masks,Honeywell,Honeywell,Box,1465.23,149,95,60,Room Temperature,No,Yes
P0115,SKU-00115,IV Drip Set,Consumables,IV,Baxter,Baxter,Piece,87.9,31,68,36,Room Temperature,Yes,Yes
P0116,SKU-00116,Latex Gloves,PPE,Gloves,Medline,Medline,Box,352.4,20,43,60,Room Temperature,No,Yes
P0117,SKU-00117,Syringe 5ml,Consumables,Syringes,BD,Becton Dickinson,Piece,19.43,82,14,36,Room Temperature,No,Yes
P0118,SKU-00118,IV Drip Set,Consumables,IV,Baxter,Baxter,Piece,57.43,20,52,24,Room Temperature,Yes,Yes
P0119,SKU-00119,Patient Monitor,Equipment,Monitoring,Philips,Philips,Unit,139294.83,91,74,0,Equipment Room,Yes,No
P0120,SKU-00120,Paracetamol,Medicines,Analgesics,Cipla,Cipla,Strip,28.06,43,43,12,Pharmacy,No,Yes
P0121,SKU-00121,Blood Collection Tube,Laboratory,Lab Consumables,Thermo Fisher,Thermo Fisher,Piece,6.8,170,15,60,Room Temperature,No,Yes
P0122,SKU-00122,Patient Monitor,Equipment,Monitoring,Philips,Philips,Unit,125173.65,97,90,0,Equipment Room,Yes,No
P0123,SKU-00123,IV Cannula,Consumables,IV,BD,Becton Dickinson,Piece,25.07,188,86,24,Room Temperature,Yes,Yes
P0124,SKU-00124,Patient Monitor,Equipment,Monitoring,Philips,Philips,Unit,295791.61,146,29,0,Equipment Room,Yes,No
P0125,SKU-00125,IV Drip Set,Consumables,IV,Baxter,Baxter,Piece,97.93,31,75,24,Room Temperature,Yes,Yes
P0126,SKU-00126,Paracetamol,Medicines,Analgesics,Cipla,Cipla,Strip,42.9,154,74,24,Pharmacy,No,Yes
P0127,SKU-00127,MRI Scanner,Equipment,Imaging,Siemens,Siemens Healthineers,Unit,17524063.9,24,97,0,Equipment Room,No,No
P0128,SKU-00128,MRI Scanner,Equipment,Imaging,Siemens,Siemens Healthineers,Unit,16969507.81,194,98,0,Equipment Room,No,No
P0129,SKU-00129,Paracetamol,Medicines,Analgesics,Cipla,Cipla,Strip,29.95,30,27,12,Pharmacy,No,Yes
P0130,SKU-00130,Paracetamol,Medicines,Analgesics,Cipla,Cipla,Strip,38.45,116,67,12,Pharmacy,No,Yes
P0131,SKU-00131,Ventilator,Equipment,Monitoring,Drager,Drager,Unit,566014.41,24,90,0,Equipment Room,Yes,No
P0132,SKU-00132,Ventilator,Equipment,Monitoring,Drager,Drager,Unit,1384863.43,145,43,0,Equipment Room,Yes,No
P0133,SKU-00133,Surgical Mask,PPE,Masks,3M,3M,Box,528.47,148,78,12,Room Temperature,No,Yes
P0134,SKU-00134,N95 Mask,PPE,Masks,Honeywell,Honeywell,Box,1459.3,141,42,12,Room Temperature,No,Yes
P0135,SKU-00135,COVID Test Kit,Diagnostics,Rapid Tests,Abbott,Abbott,Kit,183.5,80,36,36,Room Temperature,No,Yes
P0136,SKU-00136,IV Cannula,Consumables,IV,BD,Becton Dickinson,Piece,64.39,146,58,60,Room Temperature,Yes,Yes
P0137,SKU-00137,N95 Mask,PPE,Masks,Honeywell,Honeywell,Box,1279.01,31,88,36,Room Temperature,No,Yes
P0138,SKU-00138,Paracetamol,Medicines,Analgesics,Cipla,Cipla,Strip,56.78,173,28,12,Pharmacy,No,Yes
P0139,SKU-00139,Syringe 5ml,Consumables,Syringes,BD,Becton Dickinson,Piece,8.81,179,82,36,Room Temperature,No,Yes
P0140,SKU-00140,Latex Gloves,PPE,Gloves,Medline,Medline,Box,258.1,144,44,12,Room Temperature,No,Yes
P0141,SKU-00141,Paracetamol,Medicines,Analgesics,Cipla,Cipla,Strip,21.47,192,72,24,Pharmacy,No,Yes
P0142,SKU-00142,IV Drip Set,Consumables,IV,Baxter,Baxter,Piece,96.71,138,69,36,Room Temperature,Yes,Yes
P0143,SKU-00143,ECG Machine,Equipment,Monitoring,GE,GE Healthcare,Unit,210418.86,160,35,0,Equipment Room,No,No
P0144,SKU-00144,IV Drip Set,Consumables,IV,Baxter,Baxter,Piece,118.25,24,47,60,Room Temperature,Yes,Yes
P0145,SKU-00145,ECG Machine,Equipment,Monitoring,GE,GE Healthcare,Unit,92998.92,149,67,0,Equipment Room,No,No
P0146,SKU-00146,IV Drip Set,Consumables,IV,Baxter,Baxter,Piece,70.95,39,84,24,Room Temperature,Yes,Yes
P0147,SKU-00147,N95 Mask,PPE,Masks,Honeywell,Honeywell,Box,941.74,112,26,36,Room Temperature,No,Yes
P0148,SKU-00148,MRI Scanner,Equipment,Imaging,Siemens,Siemens Healthineers,Unit,17303255.16,150,45,0,Equipment Room,No,No
P0149,SKU-00149,N95 Mask,PPE,Masks,Honeywell,Honeywell,Box,1503.34,147,72,24,Room Temperature,No,Yes
P0150,SKU-00150,Patient Monitor,Equipment,Monitoring,Philips,Philips,Unit,125711.91,20,72,0,Equipment Room,Yes,No
P0151,SKU-00151,Paracetamol,Medicines,Analgesics,Cipla,Cipla,Strip,44.3,56,63,36,Pharmacy,No,Yes
P0152,SKU-00152,Syringe 5ml,Consumables,Syringes,BD,Becton Dickinson,Piece,10.64,104,10,12,Room Temperature,No,Yes
P0153,SKU-00153,Syringe 5ml,Consumables,Syringes,BD,Becton Dickinson,Piece,16.26,50,35,60,Room Temperature,No,Yes
P0154,SKU-00154,Amoxicillin,Medicines,Antibiotics,Pfizer,Pfizer,Strip,52.93,84,57,36,Pharmacy,No,Yes
P0155,SKU-00155,N95 Mask,PPE,Masks,Honeywell,Honeywell,Box,1192.9,112,64,12,Room Temperature,No,Yes
P0156,SKU-00156,COVID Test Kit,Diagnostics,Rapid Tests,Abbott,Abbott,Kit,273.82,91,23,12,Room Temperature,No,Yes
P0157,SKU-00157,Surgical Mask,PPE,Masks,3M,3M,Box,717.34,182,29,36,Room Temperature,No,Yes
P0158,SKU-00158,IV Cannula,Consumables,IV,BD,Becton Dickinson,Piece,78.26,150,50,60,Room Temperature,Yes,Yes
P0159,SKU-00159,IV Cannula,Consumables,IV,BD,Becton Dickinson,Piece,66.39,27,90,60,Room Temperature,Yes,Yes
P0160,SKU-00160,Patient Monitor,Equipment,Monitoring,Philips,Philips,Unit,330087.49,161,80,0,Equipment Room,Yes,No
P0161,SKU-00161,IV Cannula,Consumables,IV,BD,Becton Dickinson,Piece,63.17,125,67,12,Room Temperature,Yes,Yes
P0162,SKU-00162,MRI Scanner,Equipment,Imaging,Siemens,Siemens Healthineers,Unit,16290020.14,184,46,0,Equipment Room,No,No
P0163,SKU-00163,ECG Machine,Equipment,Monitoring,GE,GE Healthcare,Unit,88326.07,160,26,0,Equipment Room,No,No
P0164,SKU-00164,Latex Gloves,PPE,Gloves,Medline,Medline,Box,556.92,92,48,36,Room Temperature,No,Yes
P0165,SKU-00165,IV Drip Set,Consumables,IV,Baxter,Baxter,Piece,99.12,123,93,36,Room Temperature,Yes,Yes
P0166,SKU-00166,IV Cannula,Consumables,IV,BD,Becton Dickinson,Piece,38.05,50,31,60,Room Temperature,Yes,Yes
P0167,SKU-00167,Paracetamol,Medicines,Analgesics,Cipla,Cipla,Strip,25.51,148,73,24,Pharmacy,No,Yes
P0168,SKU-00168,Ventilator,Equipment,Monitoring,Drager,Drager,Unit,786032.83,105,67,0,Equipment Room,Yes,No
P0169,SKU-00169,Patient Monitor,Equipment,Monitoring,Philips,Philips,Unit,152107.09,69,41,0,Equipment Room,Yes,No
P0170,SKU-00170,N95 Mask,PPE,Masks,Honeywell,Honeywell,Box,974.7,101,40,12,Room Temperature,No,Yes
P0171,SKU-00171,Syringe 5ml,Consumables,Syringes,BD,Becton Dickinson,Piece,8.88,25,62,24,Room Temperature,No,Yes
P0172,SKU-00172,Patient Monitor,Equipment,Monitoring,Philips,Philips,Unit,215193.22,154,36,0,Equipment Room,Yes,No
P0173,SKU-00173,Patient Monitor,Equipment,Monitoring,Philips,Philips,Unit,182155.16,35,73,0,Equipment Room,Yes,No
P0174,SKU-00174,IV Drip Set,Consumables,IV,Baxter,Baxter,Piece,85.94,52,97,36,Room Temperature,Yes,Yes
P0175,SKU-00175,Ventilator,Equipment,Monitoring,Drager,Drager,Unit,1187993.41,75,21,0,Equipment Room,Yes,No
P0176,SKU-00176,IV Drip Set,Consumables,IV,Baxter,Baxter,Piece,111.74,122,92,60,Room Temperature,Yes,Yes
P0177,SKU-00177,ECG Machine,Equipment,Monitoring,GE,GE Healthcare,Unit,153412.24,99,12,0,Equipment Room,No,No
P0178,SKU-00178,Latex Gloves,PPE,Gloves,Medline,Medline,Box,270.96,170,72,60,Room Temperature,No,Yes
P0179,SKU-00179,Surgical Mask,PPE,Masks,3M,3M,Box,336.57,134,41,60,Room Temperature,No,Yes
P0180,SKU-00180,COVID Test Kit,Diagnostics,Rapid Tests,Abbott,Abbott,Kit,199.07,58,76,24,Room Temperature,No,Yes
P0181,SKU-00181,Paracetamol,Medicines,Analgesics,Cipla,Cipla,Strip,22.08,41,80,60,Pharmacy,No,Yes
P0182,SKU-00182,COVID Test Kit,Diagnostics,Rapid Tests,Abbott,Abbott,Kit,167.8,79,82,24,Room Temperature,No,Yes
P0183,SKU-00183,Surgical Mask,PPE,Masks,3M,3M,Box,622.75,52,90,36,Room Temperature,No,Yes
P0184,SKU-00184,IV Drip Set,Consumables,IV,Baxter,Baxter,Piece,82.26,198,24,60,Room Temperature,Yes,Yes
P0185,SKU-00185,N95 Mask,PPE,Masks,Honeywell,Honeywell,Box,870.35,119,43,24,Room Temperature,No,Yes
P0186,SKU-00186,IV Cannula,Consumables,IV,BD,Becton Dickinson,Piece,67.43,22,78,12,Room Temperature,Yes,Yes
P0187,SKU-00187,IV Drip Set,Consumables,IV,Baxter,Baxter,Piece,119.71,100,92,36,Room Temperature,Yes,Yes
P0188,SKU-00188,Blood Collection Tube,Laboratory,Lab Consumables,Thermo Fisher,Thermo Fisher,Piece,22.68,154,40,60,Room Temperature,No,Yes
P0189,SKU-00189,Ventilator,Equipment,Monitoring,Drager,Drager,Unit,821175.9,125,100,0,Equipment Room,Yes,No
P0190,SKU-00190,Paracetamol,Medicines,Analgesics,Cipla,Cipla,Strip,34.98,69,73,12,Pharmacy,No,Yes
P0191,SKU-00191,Paracetamol,Medicines,Analgesics,Cipla,Cipla,Strip,57.07,85,39,12,Pharmacy,No,Yes
P0192,SKU-00192,Paracetamol,Medicines,Analgesics,Cipla,Cipla,Strip,42.58,78,73,36,Pharmacy,No,Yes
P0193,SKU-00193,Surgical Mask,PPE,Masks,3M,3M,Box,647.91,112,97,60,Room Temperature,No,Yes
P0194,SKU-00194,Patient Monitor,Equipment,Monitoring,Philips,Philips,Unit,165558.32,94,74,0,Equipment Room,Yes,No
P0195,SKU-00195,N95 Mask,PPE,Masks,Honeywell,Honeywell,Box,1005.22,99,34,24,Room Temperature,No,Yes
P0196,SKU-00196,IV Cannula,Consumables,IV,BD,Becton Dickinson,Piece,47.91,95,23,36,Room Temperature,Yes,Yes
P0197,SKU-00197,MRI Scanner,Equipment,Imaging,Siemens,Siemens Healthineers,Unit,12436470.94,67,38,0,Equipment Room,No,No
P0198,SKU-00198,ECG Machine,Equipment,Monitoring,GE,GE Healthcare,Unit,150894.94,190,17,0,Equipment Room,No,No
P0199,SKU-00199,MRI Scanner,Equipment,Imaging,Siemens,Siemens Healthineers,Unit,7195745.81,120,16,0,Equipment Room,No,No
P0200,SKU-00200,IV Cannula,Consumables,IV,BD,Becton Dickinson,Piece,21.42,126,16,24,Room Temperature,Yes,Yes
P0201,SKU-00201,Amoxicillin,Medicines,Antibiotics,Pfizer,Pfizer,Strip,65.03,135,50,60,Pharmacy,No,Yes
P0202,SKU-00202,Amoxicillin,Medicines,Antibiotics,Pfizer,Pfizer,Strip,78.3,62,52,12,Pharmacy,No,Yes
P0203,SKU-00203,IV Cannula,Consumables,IV,BD,Becton Dickinson,Piece,31.13,28,49,60,Room Temperature,Yes,Yes
P0204,SKU-00204,Paracetamol,Medicines,Analgesics,Cipla,Cipla,Strip,62.15,104,66,36,Pharmacy,No,Yes
P0205,SKU-00205,Latex Gloves,PPE,Gloves,Medline,Medline,Box,320.82,91,20,12,Room Temperature,No,Yes
P0206,SKU-00206,Syringe 5ml,Consumables,Syringes,BD,Becton Dickinson,Piece,11.3,163,36,12,Room Temperature,No,Yes
P0207,SKU-00207,Patient Monitor,Equipment,Monitoring,Philips,Philips,Unit,202024.72,99,65,0,Equipment Room,Yes,No
P0208,SKU-00208,N95 Mask,PPE,Masks,Honeywell,Honeywell,Box,849.26,70,57,60,Room Temperature,No,Yes
P0209,SKU-00209,Ventilator,Equipment,Monitoring,Drager,Drager,Unit,1695358.34,69,51,0,Equipment Room,Yes,No
P0210,SKU-00210,Syringe 5ml,Consumables,Syringes,BD,Becton Dickinson,Piece,16.06,27,90,60,Room Temperature,No,Yes
P0211,SKU-00211,Patient Monitor,Equipment,Monitoring,Philips,Philips,Unit,177043.0,180,61,0,Equipment Room,Yes,No
P0212,SKU-00212,Surgical Mask,PPE,Masks,3M,3M,Box,487.78,36,17,60,Room Temperature,No,Yes
P0213,SKU-00213,IV Drip Set,Consumables,IV,Baxter,Baxter,Piece,55.6,175,53,12,Room Temperature,Yes,Yes
P0214,SKU-00214,Syringe 5ml,Consumables,Syringes,BD,Becton Dickinson,Piece,9.08,87,98,12,Room Temperature,No,Yes
P0215,SKU-00215,Syringe 5ml,Consumables,Syringes,BD,Becton Dickinson,Piece,18.86,20,86,36,Room Temperature,No,Yes
P0216,SKU-00216,COVID Test Kit,Diagnostics,Rapid Tests,Abbott,Abbott,Kit,435.29,26,39,12,Room Temperature,No,Yes
P0217,SKU-00217,N95 Mask,PPE,Masks,Honeywell,Honeywell,Box,1275.19,118,42,60,Room Temperature,No,Yes
P0218,SKU-00218,Patient Monitor,Equipment,Monitoring,Philips,Philips,Unit,307404.06,53,73,0,Equipment Room,Yes,No
P0219,SKU-00219,Latex Gloves,PPE,Gloves,Medline,Medline,Box,255.66,197,29,36,Room Temperature,No,Yes
P0220,SKU-00220,MRI Scanner,Equipment,Imaging,Siemens,Siemens Healthineers,Unit,8542137.67,101,68,0,Equipment Room,No,No
P0221,SKU-00221,Syringe 5ml,Consumables,Syringes,BD,Becton Dickinson,Piece,16.76,151,35,12,Room Temperature,No,Yes
P0222,SKU-00222,Patient Monitor,Equipment,Monitoring,Philips,Philips,Unit,293163.7,83,62,0,Equipment Room,Yes,No
P0223,SKU-00223,N95 Mask,PPE,Masks,Honeywell,Honeywell,Box,1449.55,161,79,60,Room Temperature,No,Yes
P0224,SKU-00224,Syringe 5ml,Consumables,Syringes,BD,Becton Dickinson,Piece,7.41,46,19,60,Room Temperature,No,Yes
P0225,SKU-00225,IV Drip Set,Consumables,IV,Baxter,Baxter,Piece,89.97,44,63,24,Room Temperature,Yes,Yes
P0226,SKU-00226,ECG Machine,Equipment,Monitoring,GE,GE Healthcare,Unit,248033.46,134,32,0,Equipment Room,No,No
P0227,SKU-00227,IV Cannula,Consumables,IV,BD,Becton Dickinson,Piece,27.98,178,96,60,Room Temperature,Yes,Yes
P0228,SKU-00228,IV Cannula,Consumables,IV,BD,Becton Dickinson,Piece,64.88,95,47,12,Room Temperature,Yes,Yes
P0229,SKU-00229,IV Drip Set,Consumables,IV,Baxter,Baxter,Piece,85.35,85,43,36,Room Temperature,Yes,Yes
P0230,SKU-00230,IV Cannula,Consumables,IV,BD,Becton Dickinson,Piece,46.36,82,40,24,Room Temperature,Yes,Yes
P0231,SKU-00231,Latex Gloves,PPE,Gloves,Medline,Medline,Box,432.88,103,18,24,Room Temperature,No,Yes
P0232,SKU-00232,Patient Monitor,Equipment,Monitoring,Philips,Philips,Unit,177880.36,82,74,0,Equipment Room,Yes,No
P0233,SKU-00233,Ventilator,Equipment,Monitoring,Drager,Drager,Unit,800795.23,45,93,0,Equipment Room,Yes,No
P0234,SKU-00234,ECG Machine,Equipment,Monitoring,GE,GE Healthcare,Unit,248462.46,46,10,0,Equipment Room,No,No
P0235,SKU-00235,ECG Machine,Equipment,Monitoring,GE,GE Healthcare,Unit,230080.25,79,67,0,Equipment Room,No,No
P0236,SKU-00236,Syringe 5ml,Consumables,Syringes,BD,Becton Dickinson,Piece,5.61,79,25,36,Room Temperature,No,Yes
P0237,SKU-00237,Surgical Mask,PPE,Masks,3M,3M,Box,394.79,39,57,24,Room Temperature,No,Yes
P0238,SKU-00238,Ventilator,Equipment,Monitoring,Drager,Drager,Unit,1625965.53,134,87,0,Equipment Room,Yes,No
P0239,SKU-00239,IV Drip Set,Consumables,IV,Baxter,Baxter,Piece,102.0,47,91,12,Room Temperature,Yes,Yes
P0240,SKU-00240,MRI Scanner,Equipment,Imaging,Siemens,Siemens Healthineers,Unit,15645591.54,109,37,0,Equipment Room,No,No
P0241,SKU-00241,Surgical Mask,PPE,Masks,3M,3M,Box,484.35,31,36,24,Room Temperature,No,Yes
P0242,SKU-00242,IV Drip Set,Consumables,IV,Baxter,Baxter,Piece,43.06,22,51,24,Room Temperature,Yes,Yes
P0243,SKU-00243,Patient Monitor,Equipment,Monitoring,Philips,Philips,Unit,276013.54,67,89,0,Equipment Room,Yes,No
P0244,SKU-00244,IV Drip Set,Consumables,IV,Baxter,Baxter,Piece,46.23,146,80,12,Room Temperature,Yes,Yes
P0245,SKU-00245,ECG Machine,Equipment,Monitoring,GE,GE Healthcare,Unit,90756.08,45,60,0,Equipment Room,No,No
P0246,SKU-00246,Paracetamol,Medicines,Analgesics,Cipla,Cipla,Strip,50.76,187,30,12,Pharmacy,No,Yes
P0247,SKU-00247,Patient Monitor,Equipment,Monitoring,Philips,Philips,Unit,279943.35,124,46,0,Equipment Room,Yes,No
P0248,SKU-00248,Paracetamol,Medicines,Analgesics,Cipla,Cipla,Strip,34.99,99,82,12,Pharmacy,No,Yes
P0249,SKU-00249,Syringe 5ml,Consumables,Syringes,BD,Becton Dickinson,Piece,11.21,113,92,12,Room Temperature,No,Yes
P0250,SKU-00250,IV Cannula,Consumables,IV,BD,Becton Dickinson,Piece,43.44,72,10,60,Room Temperature,Yes,Yes
P0251,SKU-00251,Patient Monitor,Equipment,Monitoring,Philips,Philips,Unit,327375.03,128,24,0,Equipment Room,Yes,No
P0252,SKU-00252,Blood Collection Tube,Laboratory,Lab Consumables,Thermo Fisher,Thermo Fisher,Piece,6.81,137,30,36,Room Temperature,No,Yes
P0253,SKU-00253,Latex Gloves,PPE,Gloves,Medline,Medline,Box,259.64,184,60,24,Room Temperature,No,Yes
P0254,SKU-00254,N95 Mask,PPE,Masks,Honeywell,Honeywell,Box,1372.86,149,31,36,Room Temperature,No,Yes
P0255,SKU-00255,Latex Gloves,PPE,Gloves,Medline,Medline,Box,476.16,153,31,24,Room Temperature,No,Yes
P0256,SKU-00256,N95 Mask,PPE,Masks,Honeywell,Honeywell,Box,908.79,70,48,60,Room Temperature,No,Yes
P0257,SKU-00257,Latex Gloves,PPE,Gloves,Medline,Medline,Box,794.24,143,50,12,Room Temperature,No,Yes
P0258,SKU-00258,Surgical Mask,PPE,Masks,3M,3M,Box,603.82,42,89,60,Room Temperature,No,Yes
P0259,SKU-00259,Amoxicillin,Medicines,Antibiotics,Pfizer,Pfizer,Strip,256.14,183,38,24,Pharmacy,No,Yes
P0260,SKU-00260,MRI Scanner,Equipment,Imaging,Siemens,Siemens Healthineers,Unit,11067268.28,70,70,0,Equipment Room,No,No
P0261,SKU-00261,Latex Gloves,PPE,Gloves,Medline,Medline,Box,617.53,122,76,12,Room Temperature,No,Yes
P0262,SKU-00262,Latex Gloves,PPE,Gloves,Medline,Medline,Box,499.32,58,41,12,Room Temperature,No,Yes
P0263,SKU-00263,Amoxicillin,Medicines,Antibiotics,Pfizer,Pfizer,Strip,253.91,30,81,24,Pharmacy,No,Yes
P0264,SKU-00264,Blood Collection Tube,Laboratory,Lab Consumables,Thermo Fisher,Thermo Fisher,Piece,20.15,190,51,12,Room Temperature,No,Yes
P0265,SKU-00265,N95 Mask,PPE,Masks,Honeywell,Honeywell,Box,1189.84,160,90,60,Room Temperature,No,Yes
P0266,SKU-00266,COVID Test Kit,Diagnostics,Rapid Tests,Abbott,Abbott,Kit,287.8,98,84,60,Room Temperature,No,Yes
P0267,SKU-00267,IV Cannula,Consumables,IV,BD,Becton Dickinson,Piece,45.54,134,74,36,Room Temperature,Yes,Yes
P0268,SKU-00268,ECG Machine,Equipment,Monitoring,GE,GE Healthcare,Unit,110389.87,20,89,0,Equipment Room,No,No
P0269,SKU-00269,ECG Machine,Equipment,Monitoring,GE,GE Healthcare,Unit,159096.43,134,89,0,Equipment Room,No,No
P0270,SKU-00270,COVID Test Kit,Diagnostics,Rapid Tests,Abbott,Abbott,Kit,518.54,141,61,24,Room Temperature,No,Yes
P0271,SKU-00271,N95 Mask,PPE,Masks,Honeywell,Honeywell,Box,867.12,130,56,36,Room Temperature,No,Yes
P0272,SKU-00272,N95 Mask,PPE,Masks,Honeywell,Honeywell,Box,1602.28,30,91,12,Room Temperature,No,Yes
P0273,SKU-00273,Latex Gloves,PPE,Gloves,Medline,Medline,Box,303.46,150,20,36,Room Temperature,No,Yes
P0274,SKU-00274,Surgical Mask,PPE,Masks,3M,3M,Box,676.03,187,27,60,Room Temperature,No,Yes
P0275,SKU-00275,Surgical Mask,PPE,Masks,3M,3M,Box,728.54,69,26,12,Room Temperature,No,Yes
P0276,SKU-00276,ECG Machine,Equipment,Monitoring,GE,GE Healthcare,Unit,128939.87,62,97,0,Equipment Room,No,No
P0277,SKU-00277,COVID Test Kit,Diagnostics,Rapid Tests,Abbott,Abbott,Kit,474.49,36,54,24,Room Temperature,No,Yes
P0278,SKU-00278,MRI Scanner,Equipment,Imaging,Siemens,Siemens Healthineers,Unit,16342696.5,60,51,0,Equipment Room,No,No
P0279,SKU-00279,MRI Scanner,Equipment,Imaging,Siemens,Siemens Healthineers,Unit,9124888.88,136,28,0,Equipment Room,No,No
P0280,SKU-00280,IV Drip Set,Consumables,IV,Baxter,Baxter,Piece,80.18,73,85,60,Room Temperature,Yes,Yes
P0281,SKU-00281,IV Drip Set,Consumables,IV,Baxter,Baxter,Piece,89.27,101,57,24,Room Temperature,Yes,Yes
P0282,SKU-00282,Surgical Mask,PPE,Masks,3M,3M,Box,399.47,61,91,60,Room Temperature,No,Yes
P0283,SKU-00283,IV Drip Set,Consumables,IV,Baxter,Baxter,Piece,94.37,63,43,60,Room Temperature,Yes,Yes
P0284,SKU-00284,N95 Mask,PPE,Masks,Honeywell,Honeywell,Box,1568.27,182,56,12,Room Temperature,No,Yes
P0285,SKU-00285,Blood Collection Tube,Laboratory,Lab Consumables,Thermo Fisher,Thermo Fisher,Piece,14.06,84,78,12,Room Temperature,No,Yes
P0286,SKU-00286,Paracetamol,Medicines,Analgesics,Cipla,Cipla,Strip,70.68,87,58,36,Pharmacy,No,Yes
P0287,SKU-00287,Syringe 5ml,Consumables,Syringes,BD,Becton Dickinson,Piece,13.66,104,20,36,Room Temperature,No,Yes
P0288,SKU-00288,ECG Machine,Equipment,Monitoring,GE,GE Healthcare,Unit,119108.04,177,16,0,Equipment Room,No,No
P0289,SKU-00289,IV Drip Set,Consumables,IV,Baxter,Baxter,Piece,105.59,99,91,36,Room Temperature,Yes,Yes
P0290,SKU-00290,Blood Collection Tube,Laboratory,Lab Consumables,Thermo Fisher,Thermo Fisher,Piece,16.72,20,14,36,Room Temperature,No,Yes
P0291,SKU-00291,IV Cannula,Consumables,IV,BD,Becton Dickinson,Piece,28.96,126,75,60,Room Temperature,Yes,Yes
P0292,SKU-00292,Syringe 5ml,Consumables,Syringes,BD,Becton Dickinson,Piece,18.43,145,39,24,Room Temperature,No,Yes
P0293,SKU-00293,MRI Scanner,Equipment,Imaging,Siemens,Siemens Healthineers,Unit,14796626.39,25,16,0,Equipment Room,No,No
P0294,SKU-00294,Surgical Mask,PPE,Masks,3M,3M,Box,583.56,47,76,36,Room Temperature,No,Yes
P0295,SKU-00295,Syringe 5ml,Consumables,Syringes,BD,Becton Dickinson,Piece,13.01,169,48,60,Room Temperature,No,Yes
P0296,SKU-00296,MRI Scanner,Equipment,Imaging,Siemens,Siemens Healthineers,Unit,7005900.65,113,89,0,Equipment Room,No,No
P0297,SKU-00297,Blood Collection Tube,Laboratory,Lab Consumables,Thermo Fisher,Thermo Fisher,Piece,14.5,23,41,24,Room Temperature,No,Yes
P0298,SKU-00298,Amoxicillin,Medicines,Antibiotics,Pfizer,Pfizer,Strip,87.33,36,91,12,Pharmacy,No,Yes
P0299,SKU-00299,Latex Gloves,PPE,Gloves,Medline,Medline,Box,816.34,122,43,36,Room Temperature,No,Yes
P0300,SKU-00300,Surgical Mask,PPE,Masks,3M,3M,Box,328.07,172,92,36,Room Temperature,No,Yes
P0301,SKU-00301,MRI Scanner,Equipment,Imaging,Siemens,Siemens Healthineers,Unit,11656313.57,152,73,0,Equipment Room,No,No
P0302,SKU-00302,IV Cannula,Consumables,IV,BD,Becton Dickinson,Piece,29.91,31,17,12,Room Temperature,Yes,Yes
P0303,SKU-00303,Ventilator,Equipment,Monitoring,Drager,Drager,Unit,532792.81,67,40,0,Equipment Room,Yes,No
P0304,SKU-00304,Latex Gloves,PPE,Gloves,Medline,Medline,Box,287.95,23,88,12,Room Temperature,No,Yes
P0305,SKU-00305,Ventilator,Equipment,Monitoring,Drager,Drager,Unit,1353839.89,70,28,0,Equipment Room,Yes,No
P0306,SKU-00306,Patient Monitor,Equipment,Monitoring,Philips,Philips,Unit,165889.2,175,92,0,Equipment Room,Yes,No
P0307,SKU-00307,Ventilator,Equipment,Monitoring,Drager,Drager,Unit,1341875.72,126,88,0,Equipment Room,Yes,No
P0308,SKU-00308,Latex Gloves,PPE,Gloves,Medline,Medline,Box,580.57,96,90,12,Room Temperature,No,Yes
P0309,SKU-00309,Surgical Mask,PPE,Masks,3M,3M,Box,797.03,157,10,60,Room Temperature,No,Yes
P0310,SKU-00310,Patient Monitor,Equipment,Monitoring,Philips,Philips,Unit,314219.47,139,20,0,Equipment Room,Yes,No
P0311,SKU-00311,Amoxicillin,Medicines,Antibiotics,Pfizer,Pfizer,Strip,213.88,77,23,24,Pharmacy,No,Yes
P0312,SKU-00312,IV Drip Set,Consumables,IV,Baxter,Baxter,Piece,58.58,51,52,12,Room Temperature,Yes,Yes
P0313,SKU-00313,Amoxicillin,Medicines,Antibiotics,Pfizer,Pfizer,Strip,281.29,33,44,36,Pharmacy,No,Yes
P0314,SKU-00314,Paracetamol,Medicines,Analgesics,Cipla,Cipla,Strip,51.0,195,76,60,Pharmacy,No,Yes
P0315,SKU-00315,IV Drip Set,Consumables,IV,Baxter,Baxter,Piece,63.65,41,74,24,Room Temperature,Yes,Yes
P0316,SKU-00316,Surgical Mask,PPE,Masks,3M,3M,Box,384.88,71,30,24,Room Temperature,No,Yes
P0317,SKU-00317,Amoxicillin,Medicines,Antibiotics,Pfizer,Pfizer,Strip,278.74,119,52,24,Pharmacy,No,Yes
P0318,SKU-00318,MRI Scanner,Equipment,Imaging,Siemens,Siemens Healthineers,Unit,8587516.29,181,98,0,Equipment Room,No,No
P0319,SKU-00319,Paracetamol,Medicines,Analgesics,Cipla,Cipla,Strip,69.7,140,77,60,Pharmacy,No,Yes
P0320,SKU-00320,Amoxicillin,Medicines,Antibiotics,Pfizer,Pfizer,Strip,51.6,131,39,12,Pharmacy,No,Yes
P0321,SKU-00321,MRI Scanner,Equipment,Imaging,Siemens,Siemens Healthineers,Unit,18271380.59,74,60,0,Equipment Room,No,No
P0322,SKU-00322,MRI Scanner,Equipment,Imaging,Siemens,Siemens Healthineers,Unit,13779984.46,164,31,0,Equipment Room,No,No
P0323,SKU-00323,Latex Gloves,PPE,Gloves,Medline,Medline,Box,271.39,47,89,12,Room Temperature,No,Yes
P0324,SKU-00324,Latex Gloves,PPE,Gloves,Medline,Medline,Box,474.16,199,13,24,Room Temperature,No,Yes
P0325,SKU-00325,Surgical Mask,PPE,Masks,3M,3M,Box,320.82,198,18,12,Room Temperature,No,Yes
P0326,SKU-00326,Amoxicillin,Medicines,Antibiotics,Pfizer,Pfizer,Strip,61.67,71,78,36,Pharmacy,No,Yes
P0327,SKU-00327,Paracetamol,Medicines,Analgesics,Cipla,Cipla,Strip,19.29,47,41,60,Pharmacy,No,Yes
P0328,SKU-00328,IV Cannula,Consumables,IV,BD,Becton Dickinson,Piece,32.19,28,91,12,Room Temperature,Yes,Yes
P0329,SKU-00329,N95 Mask,PPE,Masks,Honeywell,Honeywell,Box,1625.06,142,22,36,Room Temperature,No,Yes
P0330,SKU-00330,Latex Gloves,PPE,Gloves,Medline,Medline,Box,313.61,95,50,24,Room Temperature,No,Yes
P0331,SKU-00331,Syringe 5ml,Consumables,Syringes,BD,Becton Dickinson,Piece,11.36,109,42,12,Room Temperature,No,Yes
P0332,SKU-00332,IV Drip Set,Consumables,IV,Baxter,Baxter,Piece,43.87,102,87,36,Room Temperature,Yes,Yes
P0333,SKU-00333,Ventilator,Equipment,Monitoring,Drager,Drager,Unit,1118907.61,93,89,0,Equipment Room,Yes,No
P0334,SKU-00334,Amoxicillin,Medicines,Antibiotics,Pfizer,Pfizer,Strip,57.75,27,65,60,Pharmacy,No,Yes
P0335,SKU-00335,Ventilator,Equipment,Monitoring,Drager,Drager,Unit,1504933.65,108,70,0,Equipment Room,Yes,No
P0336,SKU-00336,Amoxicillin,Medicines,Antibiotics,Pfizer,Pfizer,Strip,62.03,43,83,24,Pharmacy,No,Yes
P0337,SKU-00337,Blood Collection Tube,Laboratory,Lab Consumables,Thermo Fisher,Thermo Fisher,Piece,10.74,20,77,60,Room Temperature,No,Yes
P0338,SKU-00338,IV Cannula,Consumables,IV,BD,Becton Dickinson,Piece,37.3,21,54,12,Room Temperature,Yes,Yes
P0339,SKU-00339,ECG Machine,Equipment,Monitoring,GE,GE Healthcare,Unit,96267.13,197,33,0,Equipment Room,No,No
P0340,SKU-00340,ECG Machine,Equipment,Monitoring,GE,GE Healthcare,Unit,180734.32,151,43,0,Equipment Room,No,No
P0341,SKU-00341,MRI Scanner,Equipment,Imaging,Siemens,Siemens Healthineers,Unit,19158048.35,92,37,0,Equipment Room,No,No
P0342,SKU-00342,Amoxicillin,Medicines,Antibiotics,Pfizer,Pfizer,Strip,107.88,48,91,24,Pharmacy,No,Yes
P0343,SKU-00343,COVID Test Kit,Diagnostics,Rapid Tests,Abbott,Abbott,Kit,186.4,180,51,12,Room Temperature,No,Yes
P0344,SKU-00344,Syringe 5ml,Consumables,Syringes,BD,Becton Dickinson,Piece,6.43,42,64,60,Room Temperature,No,Yes
P0345,SKU-00345,Paracetamol,Medicines,Analgesics,Cipla,Cipla,Strip,16.64,97,43,24,Pharmacy,No,Yes
P0346,SKU-00346,Patient Monitor,Equipment,Monitoring,Philips,Philips,Unit,327279.61,148,31,0,Equipment Room,Yes,No
P0347,SKU-00347,Patient Monitor,Equipment,Monitoring,Philips,Philips,Unit,345954.28,181,39,0,Equipment Room,Yes,No
P0348,SKU-00348,ECG Machine,Equipment,Monitoring,GE,GE Healthcare,Unit,101569.69,172,98,0,Equipment Room,No,No
P0349,SKU-00349,COVID Test Kit,Diagnostics,Rapid Tests,Abbott,Abbott,Kit,422.41,109,84,12,Room Temperature,No,Yes
P0350,SKU-00350,Syringe 5ml,Consumables,Syringes,BD,Becton Dickinson,Piece,12.83,189,80,60,Room Temperature,No,Yes
P0351,SKU-00351,Amoxicillin,Medicines,Antibiotics,Pfizer,Pfizer,Strip,130.83,132,98,60,Pharmacy,No,Yes
P0352,SKU-00352,COVID Test Kit,Diagnostics,Rapid Tests,Abbott,Abbott,Kit,265.75,52,52,24,Room Temperature,No,Yes
P0353,SKU-00353,ECG Machine,Equipment,Monitoring,GE,GE Healthcare,Unit,189259.16,198,40,0,Equipment Room,No,No
P0354,SKU-00354,Ventilator,Equipment,Monitoring,Drager,Drager,Unit,749045.93,97,100,0,Equipment Room,Yes,No
P0355,SKU-00355,Blood Collection Tube,Laboratory,Lab Consumables,Thermo Fisher,Thermo Fisher,Piece,21.87,59,41,24,Room Temperature,No,Yes
P0356,SKU-00356,Amoxicillin,Medicines,Antibiotics,Pfizer,Pfizer,Strip,131.64,61,40,36,Pharmacy,No,Yes
P0357,SKU-00357,Syringe 5ml,Consumables,Syringes,BD,Becton Dickinson,Piece,19.34,46,31,36,Room Temperature,No,Yes
P0358,SKU-00358,Paracetamol,Medicines,Analgesics,Cipla,Cipla,Strip,21.61,58,28,60,Pharmacy,No,Yes
P0359,SKU-00359,COVID Test Kit,Diagnostics,Rapid Tests,Abbott,Abbott,Kit,285.95,131,45,36,Room Temperature,No,Yes
P0360,SKU-00360,IV Cannula,Consumables,IV,BD,Becton Dickinson,Piece,26.56,91,36,12,Room Temperature,Yes,Yes
P0361,SKU-00361,Patient Monitor,Equipment,Monitoring,Philips,Philips,Unit,226700.76,23,61,0,Equipment Room,Yes,No
P0362,SKU-00362,Blood Collection Tube,Laboratory,Lab Consumables,Thermo Fisher,Thermo Fisher,Piece,20.82,148,90,24,Room Temperature,No,Yes
P0363,SKU-00363,IV Drip Set,Consumables,IV,Baxter,Baxter,Piece,77.06,85,87,24,Room Temperature,Yes,Yes
P0364,SKU-00364,Amoxicillin,Medicines,Antibiotics,Pfizer,Pfizer,Strip,151.18,130,99,24,Pharmacy,No,Yes
P0365,SKU-00365,MRI Scanner,Equipment,Imaging,Siemens,Siemens Healthineers,Unit,13811402.59,185,63,0,Equipment Room,No,No
P0366,SKU-00366,Blood Collection Tube,Laboratory,Lab Consumables,Thermo Fisher,Thermo Fisher,Piece,9.57,193,33,24,Room Temperature,No,Yes
P0367,SKU-00367,Paracetamol,Medicines,Analgesics,Cipla,Cipla,Strip,23.07,100,43,60,Pharmacy,No,Yes
P0368,SKU-00368,Paracetamol,Medicines,Analgesics,Cipla,Cipla,Strip,60.54,82,61,60,Pharmacy,No,Yes
P0369,SKU-00369,Amoxicillin,Medicines,Antibiotics,Pfizer,Pfizer,Strip,228.16,84,64,24,Pharmacy,No,Yes
P0370,SKU-00370,ECG Machine,Equipment,Monitoring,GE,GE Healthcare,Unit,157383.06,179,62,0,Equipment Room,No,No
P0371,SKU-00371,Ventilator,Equipment,Monitoring,Drager,Drager,Unit,1377818.51,66,93,0,Equipment Room,Yes,No
P0372,SKU-00372,Syringe 5ml,Consumables,Syringes,BD,Becton Dickinson,Piece,16.67,145,23,60,Room Temperature,No,Yes
P0373,SKU-00373,Surgical Mask,PPE,Masks,3M,3M,Box,425.61,61,35,24,Room Temperature,No,Yes
P0374,SKU-00374,Ventilator,Equipment,Monitoring,Drager,Drager,Unit,952669.74,167,68,0,Equipment Room,Yes,No
P0375,SKU-00375,Ventilator,Equipment,Monitoring,Drager,Drager,Unit,766476.5,141,75,0,Equipment Room,Yes,No
P0376,SKU-00376,Surgical Mask,PPE,Masks,3M,3M,Box,619.63,153,53,36,Room Temperature,No,Yes
P0377,SKU-00377,Patient Monitor,Equipment,Monitoring,Philips,Philips,Unit,290685.28,136,36,0,Equipment Room,Yes,No
P0378,SKU-00378,Paracetamol,Medicines,Analgesics,Cipla,Cipla,Strip,26.95,177,55,12,Pharmacy,No,Yes
P0379,SKU-00379,Paracetamol,Medicines,Analgesics,Cipla,Cipla,Strip,18.68,117,61,36,Pharmacy,No,Yes
P0380,SKU-00380,Surgical Mask,PPE,Masks,3M,3M,Box,306.65,127,90,60,Room Temperature,No,Yes
P0381,SKU-00381,Amoxicillin,Medicines,Antibiotics,Pfizer,Pfizer,Strip,218.72,47,38,36,Pharmacy,No,Yes
P0382,SKU-00382,IV Drip Set,Consumables,IV,Baxter,Baxter,Piece,99.32,120,69,24,Room Temperature,Yes,Yes
P0383,SKU-00383,IV Cannula,Consumables,IV,BD,Becton Dickinson,Piece,29.87,182,34,12,Room Temperature,Yes,Yes
P0384,SKU-00384,ECG Machine,Equipment,Monitoring,GE,GE Healthcare,Unit,189173.88,77,28,0,Equipment Room,No,No
P0385,SKU-00385,Syringe 5ml,Consumables,Syringes,BD,Becton Dickinson,Piece,14.99,139,47,60,Room Temperature,No,Yes
P0386,SKU-00386,COVID Test Kit,Diagnostics,Rapid Tests,Abbott,Abbott,Kit,396.72,140,55,24,Room Temperature,No,Yes
P0387,SKU-00387,COVID Test Kit,Diagnostics,Rapid Tests,Abbott,Abbott,Kit,532.8,200,58,36,Room Temperature,No,Yes
P0388,SKU-00388,Paracetamol,Medicines,Analgesics,Cipla,Cipla,Strip,31.48,193,33,60,Pharmacy,No,Yes
P0389,SKU-00389,ECG Machine,Equipment,Monitoring,GE,GE Healthcare,Unit,80458.16,91,55,0,Equipment Room,No,No
P0390,SKU-00390,IV Cannula,Consumables,IV,BD,Becton Dickinson,Piece,59.26,142,72,36,Room Temperature,Yes,Yes
P0391,SKU-00391,Patient Monitor,Equipment,Monitoring,Philips,Philips,Unit,263373.7,41,94,0,Equipment Room,Yes,No
P0392,SKU-00392,Syringe 5ml,Consumables,Syringes,BD,Becton Dickinson,Piece,7.29,118,17,36,Room Temperature,No,Yes
P0393,SKU-00393,N95 Mask,PPE,Masks,Honeywell,Honeywell,Box,1627.9,55,77,36,Room Temperature,No,Yes
P0394,SKU-00394,Blood Collection Tube,Laboratory,Lab Consumables,Thermo Fisher,Thermo Fisher,Piece,11.9,188,11,12,Room Temperature,No,Yes
P0395,SKU-00395,IV Cannula,Consumables,IV,BD,Becton Dickinson,Piece,77.11,84,87,36,Room Temperature,Yes,Yes
P0396,SKU-00396,N95 Mask,PPE,Masks,Honeywell,Honeywell,Box,1378.49,67,67,24,Room Temperature,No,Yes
P0397,SKU-00397,Syringe 5ml,Consumables,Syringes,BD,Becton Dickinson,Piece,16.77,123,78,24,Room Temperature,No,Yes
P0398,SKU-00398,Latex Gloves,PPE,Gloves,Medline,Medline,Box,646.18,191,80,12,Room Temperature,No,Yes
P0399,SKU-00399,COVID Test Kit,Diagnostics,Rapid Tests,Abbott,Abbott,Kit,436.47,70,73,36,Room Temperature,No,Yes
P0400,SKU-00400,Amoxicillin,Medicines,Antibiotics,Pfizer,Pfizer,Strip,103.28,132,95,12,Pharmacy,No,Yes
P0401,SKU-00401,N95 Mask,PPE,Masks,Honeywell,Honeywell,Box,1355.06,127,39,36,Room Temperature,No,Yes
P0402,SKU-00402,Blood Collection Tube,Laboratory,Lab Consumables,Thermo Fisher,Thermo Fisher,Piece,7.79,162,17,60,Room Temperature,No,Yes
P0403,SKU-00403,ECG Machine,Equipment,Monitoring,GE,GE Healthcare,Unit,159406.01,56,99,0,Equipment Room,No,No
P0404,SKU-00404,ECG Machine,Equipment,Monitoring,GE,GE Healthcare,Unit,121916.32,62,79,0,Equipment Room,No,No
P0405,SKU-00405,MRI Scanner,Equipment,Imaging,Siemens,Siemens Healthineers,Unit,17943165.42,21,30,0,Equipment Room,No,No
P0406,SKU-00406,Blood Collection Tube,Laboratory,Lab Consumables,Thermo Fisher,Thermo Fisher,Piece,11.41,190,47,60,Room Temperature,No,Yes
P0407,SKU-00407,Blood Collection Tube,Laboratory,Lab Consumables,Thermo Fisher,Thermo Fisher,Piece,14.32,127,96,60,Room Temperature,No,Yes
P0408,SKU-00408,N95 Mask,PPE,Masks,Honeywell,Honeywell,Box,980.52,182,92,36,Room Temperature,No,Yes
P0409,SKU-00409,Surgical Mask,PPE,Masks,3M,3M,Box,310.28,194,52,12,Room Temperature,No,Yes
P0410,SKU-00410,COVID Test Kit,Diagnostics,Rapid Tests,Abbott,Abbott,Kit,591.77,144,28,60,Room Temperature,No,Yes
P0411,SKU-00411,Surgical Mask,PPE,Masks,3M,3M,Box,406.68,180,26,60,Room Temperature,No,Yes
P0412,SKU-00412,Syringe 5ml,Consumables,Syringes,BD,Becton Dickinson,Piece,6.42,107,70,36,Room Temperature,No,Yes
P0413,SKU-00413,COVID Test Kit,Diagnostics,Rapid Tests,Abbott,Abbott,Kit,386.49,92,65,24,Room Temperature,No,Yes
P0414,SKU-00414,Syringe 5ml,Consumables,Syringes,BD,Becton Dickinson,Piece,11.34,94,47,12,Room Temperature,No,Yes
P0415,SKU-00415,Syringe 5ml,Consumables,Syringes,BD,Becton Dickinson,Piece,17.42,105,74,60,Room Temperature,No,Yes
P0416,SKU-00416,IV Drip Set,Consumables,IV,Baxter,Baxter,Piece,109.84,72,93,36,Room Temperature,Yes,Yes
P0417,SKU-00417,ECG Machine,Equipment,Monitoring,GE,GE Healthcare,Unit,214631.69,104,34,0,Equipment Room,No,No
P0418,SKU-00418,Syringe 5ml,Consumables,Syringes,BD,Becton Dickinson,Piece,15.7,170,91,24,Room Temperature,No,Yes
P0419,SKU-00419,N95 Mask,PPE,Masks,Honeywell,Honeywell,Box,1584.22,122,80,12,Room Temperature,No,Yes
P0420,SKU-00420,Patient Monitor,Equipment,Monitoring,Philips,Philips,Unit,245442.26,32,61,0,Equipment Room,Yes,No
P0421,SKU-00421,IV Drip Set,Consumables,IV,Baxter,Baxter,Piece,48.68,68,70,12,Room Temperature,Yes,Yes
P0422,SKU-00422,MRI Scanner,Equipment,Imaging,Siemens,Siemens Healthineers,Unit,16489758.6,35,74,0,Equipment Room,No,No
P0423,SKU-00423,Ventilator,Equipment,Monitoring,Drager,Drager,Unit,1295262.13,177,28,0,Equipment Room,Yes,No
P0424,SKU-00424,Paracetamol,Medicines,Analgesics,Cipla,Cipla,Strip,58.79,74,15,12,Pharmacy,No,Yes
P0425,SKU-00425,Paracetamol,Medicines,Analgesics,Cipla,Cipla,Strip,56.18,45,94,24,Pharmacy,No,Yes
P0426,SKU-00426,Latex Gloves,PPE,Gloves,Medline,Medline,Box,814.98,45,93,60,Room Temperature,No,Yes
P0427,SKU-00427,Surgical Mask,PPE,Masks,3M,3M,Box,484.43,99,81,24,Room Temperature,No,Yes
P0428,SKU-00428,Amoxicillin,Medicines,Antibiotics,Pfizer,Pfizer,Strip,114.5,67,63,36,Pharmacy,No,Yes
P0429,SKU-00429,Surgical Mask,PPE,Masks,3M,3M,Box,459.24,164,92,60,Room Temperature,No,Yes
P0430,SKU-00430,MRI Scanner,Equipment,Imaging,Siemens,Siemens Healthineers,Unit,19007877.81,33,73,0,Equipment Room,No,No
P0431,SKU-00431,MRI Scanner,Equipment,Imaging,Siemens,Siemens Healthineers,Unit,12832310.39,50,63,0,Equipment Room,No,No
P0432,SKU-00432,MRI Scanner,Equipment,Imaging,Siemens,Siemens Healthineers,Unit,15435682.12,123,67,0,Equipment Room,No,No
P0433,SKU-00433,N95 Mask,PPE,Masks,Honeywell,Honeywell,Box,814.13,172,85,60,Room Temperature,No,Yes
P0434,SKU-00434,Paracetamol,Medicines,Analgesics,Cipla,Cipla,Strip,78.75,125,80,60,Pharmacy,No,Yes
P0435,SKU-00435,N95 Mask,PPE,Masks,Honeywell,Honeywell,Box,882.92,74,29,60,Room Temperature,No,Yes
P0436,SKU-00436,Paracetamol,Medicines,Analgesics,Cipla,Cipla,Strip,16.01,22,97,12,Pharmacy,No,Yes
P0437,SKU-00437,Paracetamol,Medicines,Analgesics,Cipla,Cipla,Strip,22.91,75,25,12,Pharmacy,No,Yes
P0438,SKU-00438,Latex Gloves,PPE,Gloves,Medline,Medline,Box,557.02,165,41,36,Room Temperature,No,Yes
P0439,SKU-00439,ECG Machine,Equipment,Monitoring,GE,GE Healthcare,Unit,204704.76,67,16,0,Equipment Room,No,No
P0440,SKU-00440,Syringe 5ml,Consumables,Syringes,BD,Becton Dickinson,Piece,16.61,41,47,24,Room Temperature,No,Yes
P0441,SKU-00441,Paracetamol,Medicines,Analgesics,Cipla,Cipla,Strip,51.24,137,95,60,Pharmacy,No,Yes
P0442,SKU-00442,IV Drip Set,Consumables,IV,Baxter,Baxter,Piece,113.08,28,11,12,Room Temperature,Yes,Yes
P0443,SKU-00443,Surgical Mask,PPE,Masks,3M,3M,Box,307.36,119,49,12,Room Temperature,No,Yes
P0444,SKU-00444,IV Drip Set,Consumables,IV,Baxter,Baxter,Piece,98.36,144,87,24,Room Temperature,Yes,Yes
P0445,SKU-00445,Surgical Mask,PPE,Masks,3M,3M,Box,458.14,140,96,60,Room Temperature,No,Yes
P0446,SKU-00446,Latex Gloves,PPE,Gloves,Medline,Medline,Box,344.19,112,92,12,Room Temperature,No,Yes
P0447,SKU-00447,Latex Gloves,PPE,Gloves,Medline,Medline,Box,659.31,142,59,60,Room Temperature,No,Yes
P0448,SKU-00448,COVID Test Kit,Diagnostics,Rapid Tests,Abbott,Abbott,Kit,503.81,165,52,36,Room Temperature,No,Yes
P0449,SKU-00449,IV Drip Set,Consumables,IV,Baxter,Baxter,Piece,62.39,175,11,36,Room Temperature,Yes,Yes
P0450,SKU-00450,Blood Collection Tube,Laboratory,Lab Consumables,Thermo Fisher,Thermo Fisher,Piece,8.02,169,64,36,Room Temperature,No,Yes
P0451,SKU-00451,IV Cannula,Consumables,IV,BD,Becton Dickinson,Piece,42.6,174,39,60,Room Temperature,Yes,Yes
P0452,SKU-00452,COVID Test Kit,Diagnostics,Rapid Tests,Abbott,Abbott,Kit,353.07,102,43,12,Room Temperature,No,Yes
P0453,SKU-00453,IV Drip Set,Consumables,IV,Baxter,Baxter,Piece,73.8,93,28,12,Room Temperature,Yes,Yes
P0454,SKU-00454,COVID Test Kit,Diagnostics,Rapid Tests,Abbott,Abbott,Kit,550.78,90,80,24,Room Temperature,No,Yes
P0455,SKU-00455,Paracetamol,Medicines,Analgesics,Cipla,Cipla,Strip,65.51,108,78,60,Pharmacy,No,Yes
P0456,SKU-00456,N95 Mask,PPE,Masks,Honeywell,Honeywell,Box,1339.98,117,35,60,Room Temperature,No,Yes
P0457,SKU-00457,COVID Test Kit,Diagnostics,Rapid Tests,Abbott,Abbott,Kit,487.58,99,87,24,Room Temperature,No,Yes
P0458,SKU-00458,Surgical Mask,PPE,Masks,3M,3M,Box,638.83,72,42,60,Room Temperature,No,Yes
P0459,SKU-00459,MRI Scanner,Equipment,Imaging,Siemens,Siemens Healthineers,Unit,16267003.64,118,68,0,Equipment Room,No,No
P0460,SKU-00460,Ventilator,Equipment,Monitoring,Drager,Drager,Unit,614011.28,110,18,0,Equipment Room,Yes,No
P0461,SKU-00461,IV Cannula,Consumables,IV,BD,Becton Dickinson,Piece,43.89,153,51,36,Room Temperature,Yes,Yes
P0462,SKU-00462,ECG Machine,Equipment,Monitoring,GE,GE Healthcare,Unit,166048.68,71,34,0,Equipment Room,No,No
P0463,SKU-00463,IV Cannula,Consumables,IV,BD,Becton Dickinson,Piece,31.54,199,47,24,Room Temperature,Yes,Yes
P0464,SKU-00464,Syringe 5ml,Consumables,Syringes,BD,Becton Dickinson,Piece,13.67,123,76,36,Room Temperature,No,Yes
P0465,SKU-00465,Blood Collection Tube,Laboratory,Lab Consumables,Thermo Fisher,Thermo Fisher,Piece,7.98,146,57,12,Room Temperature,No,Yes
P0466,SKU-00466,Blood Collection Tube,Laboratory,Lab Consumables,Thermo Fisher,Thermo Fisher,Piece,7.12,40,29,60,Room Temperature,No,Yes
P0467,SKU-00467,Syringe 5ml,Consumables,Syringes,BD,Becton Dickinson,Piece,13.96,91,76,36,Room Temperature,No,Yes
P0468,SKU-00468,MRI Scanner,Equipment,Imaging,Siemens,Siemens Healthineers,Unit,5308551.61,28,36,0,Equipment Room,No,No
P0469,SKU-00469,Blood Collection Tube,Laboratory,Lab Consumables,Thermo Fisher,Thermo Fisher,Piece,22.32,170,82,60,Room Temperature,No,Yes
P0470,SKU-00470,IV Cannula,Consumables,IV,BD,Becton Dickinson,Piece,35.7,129,22,36,Room Temperature,Yes,Yes
P0471,SKU-00471,ECG Machine,Equipment,Monitoring,GE,GE Healthcare,Unit,210432.32,175,26,0,Equipment Room,No,No
P0472,SKU-00472,IV Drip Set,Consumables,IV,Baxter,Baxter,Piece,107.5,71,33,36,Room Temperature,Yes,Yes
P0473,SKU-00473,Patient Monitor,Equipment,Monitoring,Philips,Philips,Unit,139240.97,33,14,0,Equipment Room,Yes,No
P0474,SKU-00474,Ventilator,Equipment,Monitoring,Drager,Drager,Unit,980523.29,200,68,0,Equipment Room,Yes,No
P0475,SKU-00475,ECG Machine,Equipment,Monitoring,GE,GE Healthcare,Unit,241024.86,36,86,0,Equipment Room,No,No
P0476,SKU-00476,Paracetamol,Medicines,Analgesics,Cipla,Cipla,Strip,40.83,200,21,12,Pharmacy,No,Yes
P0477,SKU-00477,IV Drip Set,Consumables,IV,Baxter,Baxter,Piece,65.5,184,21,24,Room Temperature,Yes,Yes
P0478,SKU-00478,Paracetamol,Medicines,Analgesics,Cipla,Cipla,Strip,47.92,134,30,24,Pharmacy,No,Yes
P0479,SKU-00479,Syringe 5ml,Consumables,Syringes,BD,Becton Dickinson,Piece,19.49,64,14,24,Room Temperature,No,Yes
P0480,SKU-00480,IV Drip Set,Consumables,IV,Baxter,Baxter,Piece,115.29,161,13,12,Room Temperature,Yes,Yes
P0481,SKU-00481,Blood Collection Tube,Laboratory,Lab Consumables,Thermo Fisher,Thermo Fisher,Piece,23.38,151,100,36,Room Temperature,No,Yes
P0482,SKU-00482,Amoxicillin,Medicines,Antibiotics,Pfizer,Pfizer,Strip,211.67,34,22,60,Pharmacy,No,Yes
P0483,SKU-00483,Latex Gloves,PPE,Gloves,Medline,Medline,Box,456.49,70,96,12,Room Temperature,No,Yes
P0484,SKU-00484,Amoxicillin,Medicines,Antibiotics,Pfizer,Pfizer,Strip,124.7,187,23,60,Pharmacy,No,Yes
P0485,SKU-00485,ECG Machine,Equipment,Monitoring,GE,GE Healthcare,Unit,135066.13,85,59,0,Equipment Room,No,No
P0486,SKU-00486,N95 Mask,PPE,Masks,Honeywell,Honeywell,Box,1174.98,63,66,60,Room Temperature,No,Yes
P0487,SKU-00487,IV Cannula,Consumables,IV,BD,Becton Dickinson,Piece,68.45,139,34,12,Room Temperature,Yes,Yes
P0488,SKU-00488,COVID Test Kit,Diagnostics,Rapid Tests,Abbott,Abbott,Kit,166.21,39,89,24,Room Temperature,No,Yes
P0489,SKU-00489,Blood Collection Tube,Laboratory,Lab Consumables,Thermo Fisher,Thermo Fisher,Piece,12.46,134,22,24,Room Temperature,No,Yes
P0490,SKU-00490,Patient Monitor,Equipment,Monitoring,Philips,Philips,Unit,313717.34,180,19,0,Equipment Room,Yes,No
P0491,SKU-00491,ECG Machine,Equipment,Monitoring,GE,GE Healthcare,Unit,245292.92,102,39,0,Equipment Room,No,No
P0492,SKU-00492,ECG Machine,Equipment,Monitoring,GE,GE Healthcare,Unit,99653.77,113,28,0,Equipment Room,No,No
P0493,SKU-00493,Syringe 5ml,Consumables,Syringes,BD,Becton Dickinson,Piece,8.32,66,67,12,Room Temperature,No,Yes
P0494,SKU-00494,Ventilator,Equipment,Monitoring,Drager,Drager,Unit,1656112.07,132,29,0,Equipment Room,Yes,No
P0495,SKU-00495,IV Drip Set,Consumables,IV,Baxter,Baxter,Piece,73.46,59,13,24,Room Temperature,Yes,Yes
P0496,SKU-00496,IV Drip Set,Consumables,IV,Baxter,Baxter,Piece,85.68,105,31,36,Room Temperature,Yes,Yes
P0497,SKU-00497,IV Drip Set,Consumables,IV,Baxter,Baxter,Piece,79.28,136,71,36,Room Temperature,Yes,Yes
P0498,SKU-00498,N95 Mask,PPE,Masks,Honeywell,Honeywell,Box,953.37,181,95,12,Room Temperature,No,Yes
P0499,SKU-00499,IV Cannula,Consumables,IV,BD,Becton Dickinson,Piece,53.6,50,42,36,Room Temperature,Yes,Yes
P0500,SKU-00500,COVID Test Kit,Diagnostics,Rapid Tests,Abbott,Abbott,Kit,240.73,130,43,36,Room Temperature,No,Yes
