Shipment_ID,PO_ID,Vendor_ID,Hospital_ID,Planned_Delivery_Date,Actual_Delivery_Date,Ordered_Quantity,Received_Quantity,Damaged_Quantity,Delivery_Variance_Days,Delivery_Status,Transport_Mode,Receiving_Status
SHP000001,PO000001,V003,H004,2023-08-22,2023-08-21,62,61,1,-1,Early,Road,Received
SHP000002,PO000002,V008,H003,2025-06-05,2025-06-04,396,395,1,-1,Early,Road,Received
SHP000003,PO000003,V010,H003,2025-05-23,2025-05-21,97,97,0,-2,Early,Road,Closed
SHP000004,PO000004,V003,H003,2025-05-20,2025-05-18,337,336,1,-2,Early,Road,Closed
SHP000005,PO000005,V010,H002,2023-07-23,2023-07-27,162,159,3,4,Delayed,Road,Received
SHP000006,PO000006,V001,H005,2025-08-05,2025-08-05,407,401,6,0,Delivered,Road,Received
SHP000007,PO000007,V011,H004,2023-06-07,2023-06-08,440,435,5,1,Delayed,Road,Quality Inspection
SHP000008,PO000008,V010,H003,2025-03-03,2025-03-02,233,231,2,-1,Early,Road,Received
SHP000009,PO000009,V010,H003,2025-01-11,2025-01-16,324,324,0,5,Delayed,Air,Quality Inspection
SHP000010,PO000010,V012,H005,2026-01-14,2026-01-13,332,330,2,-1,Early,Air,Closed
SHP000011,PO000011,V004,H004,2023-05-01,2023-05-04,345,344,1,3,Delayed,Road,Received
SHP000012,PO000012,V008,H003,2024-10-28,2024-10-29,445,441,4,1,Delayed,Air,Received
SHP000013,PO000013,V002,H001,2024-07-06,2024-07-05,244,242,2,-1,Early,Road,Quality Inspection
SHP000014,PO000014,V001,H003,2025-04-04,2025-04-04,239,237,2,0,Delivered,Road,Quality Inspection
SHP000015,PO000015,V006,H005,2023-08-31,2023-08-30,361,359,2,-1,Early,Road,Received
SHP000016,PO000016,V008,H003,2025-03-14,2025-03-14,286,283,3,0,Delivered,Road,Closed
SHP000017,PO000017,V012,H001,2024-07-16,2024-07-17,400,395,5,1,Delayed,Air,Received
SHP000018,PO000018,V007,H002,2024-07-18,2024-07-19,470,470,0,1,Delayed,Air,Quality Inspection
SHP000019,PO000019,V012,H003,2025-02-20,2025-02-22,83,83,0,2,Delayed,Air,Closed
SHP000020,PO000020,V010,H001,2025-01-27,2025-01-30,158,155,3,3,Delayed,Road,Closed
SHP000021,PO000021,V002,H005,2025-10-02,2025-10-07,123,122,1,5,Delayed,Road,Closed
SHP000022,PO000022,V006,H005,2026-01-03,2026-01-05,432,426,6,2,Delayed,Air,Quality Inspection
SHP000023,PO000023,V001,H004,2025-04-04,2025-04-07,162,161,1,3,Delayed,Road,Received
SHP000024,PO000024,V011,H003,2023-05-27,2023-05-25,490,489,1,-2,Early,Road,Received
SHP000025,PO000025,V006,H001,2023-06-13,2023-06-17,355,354,1,4,Delayed,Road,Closed
SHP000026,PO000026,V011,H001,2025-12-03,2025-12-08,320,318,2,5,Delayed,Air,Received
SHP000027,PO000027,V010,H004,2024-05-26,2024-05-25,399,395,4,-1,Early,Road,Quality Inspection
SHP000028,PO000028,V003,H005,2025-05-22,2025-05-21,200,197,3,-1,Early,Road,Received
SHP000029,PO000029,V002,H005,2025-04-14,2025-04-16,306,300,6,2,Delayed,Road,Received
SHP000030,PO000030,V011,H004,2025-05-29,2025-05-31,480,472,8,2,Delayed,Road,Received
SHP000031,PO000031,V009,H003,2023-08-01,2023-08-04,440,438,2,3,Delayed,Road,Closed
SHP000032,PO000032,V010,H003,2025-04-26,2025-04-24,356,351,5,-2,Early,Road,Received
SHP000033,PO000033,V002,H001,2025-02-25,2025-02-28,499,495,4,3,Delayed,Road,Received
SHP000034,PO000034,V008,H005,2025-06-07,2025-06-06,93,92,1,-1,Early,Air,Closed
SHP000035,PO000035,V012,H003,2024-10-20,2024-10-20,115,113,2,0,Delivered,Road,Closed
SHP000036,PO000036,V002,H002,2025-11-16,2025-11-16,185,182,3,0,Delivered,Air,Closed
SHP000037,PO000037,V002,H005,2023-09-13,2023-09-14,415,411,4,1,Delayed,Road,Closed
SHP000038,PO000038,V004,H002,2024-02-29,2024-03-03,274,270,4,3,Delayed,Road,Received
SHP000039,PO000039,V007,H005,2024-11-03,2024-11-04,82,81,1,1,Delayed,Road,Closed
SHP000040,PO000040,V007,H005,2024-04-06,2024-04-07,351,348,3,1,Delayed,Road,Closed
SHP000041,PO000041,V007,H002,2024-08-31,2024-08-29,167,167,0,-2,Early,Air,Quality Inspection
SHP000042,PO000042,V007,H005,2023-08-26,2023-08-25,313,312,1,-1,Early,Road,Quality Inspection
SHP000043,PO000043,V008,H004,2024-08-22,2024-08-23,326,325,1,1,Delayed,Road,Closed
SHP000044,PO000044,V010,H003,2024-06-12,2024-06-17,174,171,3,5,Delayed,Air,Received
SHP000045,PO000045,V009,H002,2023-01-20,2023-01-19,99,98,1,-1,Early,Road,Quality Inspection
SHP000046,PO000046,V001,H002,2025-06-01,2025-06-06,492,492,0,5,Delayed,Road,Closed
SHP000047,PO000047,V010,H004,2025-02-09,2025-02-08,81,80,1,-1,Early,Road,Received
SHP000048,PO000048,V006,H002,2025-01-20,2025-01-21,148,148,0,1,Delayed,Road,Received
SHP000049,PO000049,V012,H002,2024-05-15,2024-05-19,143,142,1,4,Delayed,Road,Received
SHP000050,PO000050,V002,H001,2024-06-02,2024-06-07,463,455,8,5,Delayed,Road,Closed
SHP000051,PO000051,V006,H004,2024-04-18,2024-04-16,97,97,0,-2,Early,Road,Quality Inspection
SHP000052,PO000052,V001,H001,2023-02-25,2023-03-02,159,156,3,5,Delayed,Air,Received
SHP000053,PO000053,V006,H005,2025-01-07,2025-01-11,51,50,1,4,Delayed,Road,Quality Inspection
SHP000054,PO000054,V005,H005,2024-07-18,2024-07-20,266,261,5,2,Delayed,Air,Closed
SHP000055,PO000055,V012,H003,2025-11-29,2025-12-04,129,129,0,5,Delayed,Road,Received
SHP000056,PO000056,V005,H003,2023-01-25,2023-01-23,432,427,5,-2,Early,Road,Closed
SHP000057,PO000057,V007,H002,2023-10-08,2023-10-13,307,301,6,5,Delayed,Road,Received
SHP000058,PO000058,V004,H004,2023-09-24,2023-09-23,485,483,2,-1,Early,Road,Received
SHP000059,PO000059,V012,H002,2025-04-27,2025-04-28,256,256,0,1,Delayed,Air,Closed
SHP000060,PO000060,V001,H002,2025-06-30,2025-07-01,346,342,4,1,Delayed,Road,Received
SHP000061,PO000061,V012,H001,2024-08-20,2024-08-24,386,381,5,4,Delayed,Air,Received
SHP000062,PO000062,V011,H002,2023-11-13,2023-11-16,172,170,2,3,Delayed,Road,Closed
SHP000063,PO000063,V011,H002,2025-05-13,2025-05-15,284,282,2,2,Delayed,Air,Received
SHP000064,PO000064,V004,H001,2023-08-13,2023-08-11,284,280,4,-2,Early,Air,Received
SHP000065,PO000065,V011,H003,2024-06-09,2024-06-08,325,324,1,-1,Early,Road,Received
SHP000066,PO000066,V009,H003,2025-11-11,2025-11-14,85,85,0,3,Delayed,Road,Received
SHP000067,PO000067,V011,H005,2024-06-29,2024-07-04,476,468,8,5,Delayed,Road,Closed
SHP000068,PO000068,V010,H005,2025-07-03,2025-07-01,391,387,4,-2,Early,Air,Received
SHP000069,PO000069,V007,H003,2023-11-05,2023-11-05,185,185,0,0,Delivered,Air,Closed
SHP000070,PO000070,V006,H002,2025-05-17,2025-05-17,189,187,2,0,Delivered,Road,Closed
SHP000071,PO000071,V004,H001,2025-05-16,2025-05-19,154,152,2,3,Delayed,Road,Quality Inspection
SHP000072,PO000072,V003,H005,2024-09-08,2024-09-06,97,96,1,-2,Early,Air,Received
SHP000073,PO000073,V003,H005,2024-03-30,2024-03-28,220,219,1,-2,Early,Road,Quality Inspection
SHP000074,PO000074,V012,H003,2023-12-21,2023-12-21,429,422,7,0,Delivered,Road,Quality Inspection
SHP000075,PO000075,V006,H005,2023-07-09,2023-07-07,107,107,0,-2,Early,Air,Closed
SHP000076,PO000076,V001,H001,2024-11-08,2024-11-08,329,329,0,0,Delivered,Air,Closed
SHP000077,PO000077,V007,H003,2025-06-07,2025-06-07,270,269,1,0,Delivered,Road,Quality Inspection
SHP000078,PO000078,V009,H004,2024-04-16,2024-04-14,233,232,1,-2,Early,Road,Closed
SHP000079,PO000079,V011,H002,2023-11-24,2023-11-23,231,227,4,-1,Early,Air,Quality Inspection
SHP000080,PO000080,V007,H002,2024-07-03,2024-07-03,171,170,1,0,Delivered,Air,Received
SHP000081,PO000081,V002,H004,2024-10-09,2024-10-13,62,62,0,4,Delayed,Road,Quality Inspection
SHP000082,PO000082,V001,H002,2024-02-18,2024-02-22,460,457,3,4,Delayed,Road,Closed
SHP000083,PO000083,V011,H005,2023-04-10,2023-04-09,245,245,0,-1,Early,Air,Received
SHP000084,PO000084,V010,H003,2025-05-24,2025-05-25,468,461,7,1,Delayed,Road,Received
SHP000085,PO000085,V005,H002,2025-07-01,2025-07-02,62,62,0,1,Delayed,Road,Quality Inspection
SHP000086,PO000086,V008,H004,2025-07-03,2025-07-02,445,441,4,-1,Early,Road,Closed
SHP000087,PO000087,V012,H003,2025-07-28,2025-08-01,397,392,5,4,Delayed,Air,Received
SHP000088,PO000088,V009,H003,2023-03-12,2023-03-14,141,139,2,2,Delayed,Air,Quality Inspection
SHP000089,PO000089,V007,H005,2024-12-23,2024-12-21,105,103,2,-2,Early,Road,Closed
SHP000090,PO000090,V008,H004,2024-05-31,2024-06-03,273,269,4,3,Delayed,Air,Received
SHP000091,PO000091,V006,H003,2025-07-24,2025-07-28,345,344,1,4,Delayed,Road,Closed
SHP000092,PO000092,V011,H001,2025-02-09,2025-02-13,50,50,0,4,Delayed,Road,Received
SHP000093,PO000093,V003,H002,2025-07-23,2025-07-26,369,364,5,3,Delayed,Road,Received
SHP000094,PO000094,V005,H001,2023-09-23,2023-09-25,309,307,2,2,Delayed,Road,Quality Inspection
SHP000095,PO000095,V007,H005,2023-08-19,2023-08-23,406,402,4,4,Delayed,Road,Received
SHP000096,PO000096,V005,H005,2026-01-19,2026-01-23,390,384,6,4,Delayed,Road,Received
SHP000097,PO000097,V003,H001,2025-10-07,2025-10-09,257,253,4,2,Delayed,Air,Quality Inspection
SHP000098,PO000098,V006,H004,2024-12-16,2024-12-18,157,154,3,2,Delayed,Road,Closed
SHP000099,PO000099,V002,H005,2023-05-24,2023-05-27,288,285,3,3,Delayed,Road,Received
SHP000100,PO000100,V002,H004,2023-11-12,2023-11-17,456,454,2,5,Delayed,Road,Quality Inspection
SHP000101,PO000101,V006,H004,2025-12-24,2025-12-27,97,97,0,3,Delayed,Road,Received
SHP000102,PO000102,V008,H001,2023-05-26,2023-05-27,125,125,0,1,Delayed,Road,Quality Inspection
SHP000103,PO000103,V003,H005,2024-05-11,2024-05-10,283,280,3,-1,Early,Air,Closed
SHP000104,PO000104,V007,H003,2024-09-13,2024-09-14,417,411,6,1,Delayed,Road,Received
SHP000105,PO000105,V005,H004,2024-05-14,2024-05-14,385,385,0,0,Delivered,Air,Received
SHP000106,PO000106,V004,H004,2024-07-04,2024-07-08,162,161,1,4,Delayed,Air,Closed
SHP000107,PO000107,V009,H001,2025-06-30,2025-07-05,75,75,0,5,Delayed,Air,Received
SHP000108,PO000108,V011,H003,2025-11-05,2025-11-10,118,117,1,5,Delayed,Road,Closed
SHP000109,PO000109,V001,H004,2024-06-03,2024-06-06,436,429,7,3,Delayed,Road,Closed
SHP000110,PO000110,V002,H001,2023-04-03,2023-04-07,475,467,8,4,Delayed,Road,Received
SHP000111,PO000111,V002,H002,2025-06-21,2025-06-26,280,278,2,5,Delayed,Road,Closed
SHP000112,PO000112,V012,H002,2023-08-19,2023-08-21,442,434,8,2,Delayed,Road,Received
SHP000113,PO000113,V004,H002,2023-03-23,2023-03-25,275,275,0,2,Delayed,Road,Received
SHP000114,PO000114,V011,H002,2025-12-04,2025-12-06,221,219,2,2,Delayed,Air,Received
SHP000115,PO000115,V006,H005,2025-07-12,2025-07-12,127,127,0,0,Delivered,Road,Received
SHP000116,PO000116,V012,H005,2025-10-05,2025-10-06,82,81,1,1,Delayed,Road,Closed
SHP000117,PO000117,V007,H001,2024-10-23,2024-10-28,262,262,0,5,Delayed,Road,Quality Inspection
SHP000118,PO000118,V002,H005,2023-09-08,2023-09-12,444,444,0,4,Delayed,Air,Closed
SHP000119,PO000119,V004,H001,2025-09-21,2025-09-25,294,294,0,4,Delayed,Air,Quality Inspection
SHP000120,PO000120,V003,H004,2025-11-11,2025-11-15,486,480,6,4,Delayed,Road,Closed
SHP000121,PO000121,V001,H003,2025-11-12,2025-11-13,299,298,1,1,Delayed,Road,Quality Inspection
SHP000122,PO000122,V001,H002,2025-07-10,2025-07-08,249,247,2,-2,Early,Road,Quality Inspection
SHP000123,PO000123,V005,H002,2024-11-11,2024-11-11,480,473,7,0,Delivered,Air,Closed
SHP000124,PO000124,V009,H002,2024-10-25,2024-10-23,251,247,4,-2,Early,Road,Received
SHP000125,PO000125,V002,H004,2023-03-27,2023-03-26,379,373,6,-1,Early,Road,Quality Inspection
SHP000126,PO000126,V007,H004,2026-01-07,2026-01-07,75,74,1,0,Delivered,Road,Received
SHP000127,PO000127,V010,H003,2025-09-02,2025-09-07,217,215,2,5,Delayed,Road,Quality Inspection
SHP000128,PO000128,V004,H005,2026-01-03,2026-01-05,435,429,6,2,Delayed,Road,Received
SHP000129,PO000129,V006,H001,2023-06-08,2023-06-13,59,59,0,5,Delayed,Air,Quality Inspection
SHP000130,PO000130,V007,H001,2023-08-19,2023-08-20,382,381,1,1,Delayed,Road,Closed
SHP000131,PO000131,V008,H004,2024-11-17,2024-11-15,436,436,0,-2,Early,Air,Received
SHP000132,PO000132,V001,H001,2025-12-30,2025-12-28,368,366,2,-2,Early,Road,Quality Inspection
SHP000133,PO000133,V004,H002,2025-10-22,2025-10-21,338,337,1,-1,Early,Road,Quality Inspection
SHP000134,PO000134,V011,H004,2023-02-04,2023-02-07,135,133,2,3,Delayed,Road,Closed
SHP000135,PO000135,V011,H004,2024-12-23,2024-12-22,448,446,2,-1,Early,Air,Received
SHP000136,PO000136,V005,H005,2025-03-19,2025-03-17,209,205,4,-2,Early,Road,Quality Inspection
SHP000137,PO000137,V012,H004,2024-09-12,2024-09-16,416,413,3,4,Delayed,Road,Closed
SHP000138,PO000138,V006,H001,2024-08-27,2024-08-28,102,100,2,1,Delayed,Road,Closed
SHP000139,PO000139,V005,H005,2023-08-08,2023-08-07,457,448,9,-1,Early,Road,Quality Inspection
SHP000140,PO000140,V009,H003,2023-07-16,2023-07-20,388,383,5,4,Delayed,Road,Closed
SHP000141,PO000141,V009,H001,2025-01-31,2025-02-03,56,55,1,3,Delayed,Air,Received
SHP000142,PO000142,V012,H005,2024-12-10,2024-12-14,235,232,3,4,Delayed,Road,Quality Inspection
SHP000143,PO000143,V006,H004,2025-02-06,2025-02-06,425,417,8,0,Delivered,Air,Quality Inspection
SHP000144,PO000144,V004,H004,2025-01-30,2025-02-04,288,285,3,5,Delayed,Air,Closed
SHP000145,PO000145,V003,H003,2025-08-28,2025-08-30,215,214,1,2,Delayed,Air,Received
SHP000146,PO000146,V002,H005,2024-09-20,2024-09-22,280,279,1,2,Delayed,Road,Closed
SHP000147,PO000147,V006,H005,2025-10-23,2025-10-27,222,222,0,4,Delayed,Road,Quality Inspection
SHP000148,PO000148,V001,H005,2025-07-25,2025-07-25,299,298,1,0,Delivered,Road,Quality Inspection
SHP000149,PO000149,V003,H004,2023-07-27,2023-07-30,193,191,2,3,Delayed,Road,Closed
SHP000150,PO000150,V003,H002,2025-07-02,2025-07-03,93,93,0,1,Delayed,Road,Quality Inspection
SHP000151,PO000151,V007,H003,2023-05-30,2023-05-31,403,396,7,1,Delayed,Road,Quality Inspection
SHP000152,PO000152,V004,H004,2024-03-16,2024-03-21,455,455,0,5,Delayed,Road,Received
SHP000153,PO000153,V007,H004,2023-06-15,2023-06-19,404,401,3,4,Delayed,Road,Closed
SHP000154,PO000154,V001,H005,2024-07-28,2024-07-31,292,288,4,3,Delayed,Road,Quality Inspection
SHP000155,PO000155,V002,H003,2023-03-04,2023-03-07,230,227,3,3,Delayed,Road,Quality Inspection
SHP000156,PO000156,V010,H004,2023-02-16,2023-02-17,111,109,2,1,Delayed,Road,Received
SHP000157,PO000157,V012,H005,2023-05-27,2023-05-27,148,148,0,0,Delivered,Road,Quality Inspection
SHP000158,PO000158,V007,H002,2025-11-22,2025-11-24,101,101,0,2,Delayed,Road,Quality Inspection
SHP000159,PO000159,V008,H001,2023-03-27,2023-03-27,204,204,0,0,Delivered,Road,Received
SHP000160,PO000160,V002,H001,2025-07-07,2025-07-09,73,73,0,2,Delayed,Road,Closed
SHP000161,PO000161,V011,H003,2024-08-01,2024-08-01,376,369,7,0,Delivered,Road,Received
SHP000162,PO000162,V012,H004,2023-08-08,2023-08-10,290,287,3,2,Delayed,Road,Received
SHP000163,PO000163,V009,H001,2024-12-07,2024-12-05,179,176,3,-2,Early,Road,Received
SHP000164,PO000164,V005,H001,2024-10-23,2024-10-27,301,301,0,4,Delayed,Road,Closed
SHP000165,PO000165,V006,H004,2023-07-24,2023-07-22,127,127,0,-2,Early,Air,Quality Inspection
SHP000166,PO000166,V004,H004,2023-05-09,2023-05-08,177,177,0,-1,Early,Road,Quality Inspection
SHP000167,PO000167,V008,H002,2024-09-03,2024-09-04,447,439,8,1,Delayed,Road,Quality Inspection
SHP000168,PO000168,V009,H003,2025-09-26,2025-09-28,490,481,9,2,Delayed,Air,Quality Inspection
SHP000169,PO000169,V001,H003,2024-07-31,2024-07-29,362,361,1,-2,Early,Air,Received
SHP000170,PO000170,V010,H002,2023-03-15,2023-03-16,185,185,0,1,Delayed,Road,Received
SHP000171,PO000171,V002,H004,2023-01-23,2023-01-22,130,130,0,-1,Early,Road,Closed
SHP000172,PO000172,V008,H003,2023-03-26,2023-03-31,199,199,0,5,Delayed,Road,Closed
SHP000173,PO000173,V004,H002,2025-02-02,2025-02-04,409,402,7,2,Delayed,Road,Received
SHP000174,PO000174,V002,H002,2023-11-29,2023-12-01,453,444,9,2,Delayed,Road,Received
SHP000175,PO000175,V010,H003,2025-07-08,2025-07-12,108,106,2,4,Delayed,Road,Received
SHP000176,PO000176,V007,H002,2025-06-24,2025-06-26,473,471,2,2,Delayed,Road,Received
SHP000177,PO000177,V008,H002,2023-04-26,2023-04-28,354,350,4,2,Delayed,Road,Quality Inspection
SHP000178,PO000178,V009,H005,2024-03-20,2024-03-22,408,402,6,2,Delayed,Air,Closed
SHP000179,PO000179,V010,H001,2025-06-14,2025-06-19,274,274,0,5,Delayed,Road,Quality Inspection
SHP000180,PO000180,V001,H005,2023-06-04,2023-06-07,359,355,4,3,Delayed,Road,Received
SHP000181,PO000181,V012,H002,2025-06-14,2025-06-12,441,437,4,-2,Early,Road,Received
SHP000182,PO000182,V007,H003,2024-01-12,2024-01-17,315,310,5,5,Delayed,Road,Quality Inspection
SHP000183,PO000183,V006,H001,2025-06-29,2025-06-29,349,346,3,0,Delivered,Road,Quality Inspection
SHP000184,PO000184,V003,H005,2024-11-18,2024-11-17,290,288,2,-1,Early,Road,Quality Inspection
SHP000185,PO000185,V008,H002,2025-01-11,2025-01-10,489,487,2,-1,Early,Road,Closed
SHP000186,PO000186,V003,H001,2023-11-15,2023-11-20,197,194,3,5,Delayed,Air,Closed
SHP000187,PO000187,V009,H004,2024-10-21,2024-10-19,282,282,0,-2,Early,Road,Quality Inspection
SHP000188,PO000188,V005,H004,2023-05-17,2023-05-16,445,439,6,-1,Early,Air,Received
SHP000189,PO000189,V010,H003,2025-02-08,2025-02-13,261,261,0,5,Delayed,Road,Quality Inspection
SHP000190,PO000190,V008,H002,2025-08-27,2025-09-01,370,363,7,5,Delayed,Road,Received
SHP000191,PO000191,V003,H005,2025-10-28,2025-10-30,331,330,1,2,Delayed,Air,Quality Inspection
SHP000192,PO000192,V001,H004,2025-11-06,2025-11-11,112,112,0,5,Delayed,Air,Closed
SHP000193,PO000193,V011,H003,2025-01-30,2025-01-31,413,411,2,1,Delayed,Road,Received
SHP000194,PO000194,V010,H005,2024-11-30,2024-12-04,97,97,0,4,Delayed,Air,Received
SHP000195,PO000195,V007,H005,2024-06-25,2024-06-30,110,108,2,5,Delayed,Air,Quality Inspection
SHP000196,PO000196,V006,H005,2024-10-15,2024-10-17,310,305,5,2,Delayed,Road,Quality Inspection
SHP000197,PO000197,V005,H002,2025-03-03,2025-03-08,174,171,3,5,Delayed,Road,Quality Inspection
SHP000198,PO000198,V008,H005,2025-11-29,2025-11-30,356,354,2,1,Delayed,Air,Quality Inspection
SHP000199,PO000199,V007,H003,2025-10-17,2025-10-21,224,220,4,4,Delayed,Road,Received
SHP000200,PO000200,V002,H002,2025-11-15,2025-11-17,421,417,4,2,Delayed,Air,Closed
SHP000201,PO000201,V009,H004,2023-12-11,2023-12-16,493,491,2,5,Delayed,Road,Quality Inspection
SHP000202,PO000202,V010,H001,2024-05-15,2024-05-18,220,216,4,3,Delayed,Road,Quality Inspection
SHP000203,PO000203,V005,H003,2024-10-16,2024-10-21,214,213,1,5,Delayed,Air,Received
SHP000204,PO000204,V010,H004,2024-08-14,2024-08-18,169,166,3,4,Delayed,Road,Closed
SHP000205,PO000205,V004,H002,2023-04-23,2023-04-28,411,405,6,5,Delayed,Road,Closed
SHP000206,PO000206,V001,H005,2023-06-28,2023-06-28,303,303,0,0,Delivered,Road,Closed
SHP000207,PO000207,V012,H003,2023-07-23,2023-07-26,495,494,1,3,Delayed,Air,Quality Inspection
SHP000208,PO000208,V004,H004,2025-03-28,2025-03-27,319,316,3,-1,Early,Road,Received
SHP000209,PO000209,V012,H005,2023-03-15,2023-03-19,495,493,2,4,Delayed,Road,Quality Inspection
SHP000210,PO000210,V012,H004,2023-04-05,2023-04-08,369,363,6,3,Delayed,Road,Quality Inspection
SHP000211,PO000211,V007,H002,2023-02-05,2023-02-09,212,209,3,4,Delayed,Air,Received
SHP000212,PO000212,V005,H005,2023-09-06,2023-09-05,170,168,2,-1,Early,Air,Closed
SHP000213,PO000213,V008,H001,2025-08-16,2025-08-15,272,272,0,-1,Early,Road,Closed
SHP000214,PO000214,V002,H004,2023-11-01,2023-10-31,277,276,1,-1,Early,Road,Received
SHP000215,PO000215,V011,H004,2024-02-03,2024-02-01,216,216,0,-2,Early,Road,Quality Inspection
SHP000216,PO000216,V003,H004,2025-08-25,2025-08-29,124,124,0,4,Delayed,Road,Closed
SHP000217,PO000217,V007,H001,2023-06-13,2023-06-13,137,137,0,0,Delivered,Road,Quality Inspection
SHP000218,PO000218,V012,H004,2023-10-17,2023-10-18,304,300,4,1,Delayed,Road,Quality Inspection
SHP000219,PO000219,V008,H004,2025-09-29,2025-10-01,285,283,2,2,Delayed,Road,Quality Inspection
SHP000220,PO000220,V002,H003,2024-09-02,2024-09-04,396,394,2,2,Delayed,Road,Quality Inspection
SHP000221,PO000221,V009,H004,2025-12-03,2025-12-05,377,371,6,2,Delayed,Road,Quality Inspection
SHP000222,PO000222,V008,H004,2025-01-23,2025-01-25,151,148,3,2,Delayed,Air,Received
SHP000223,PO000223,V001,H001,2025-04-06,2025-04-07,245,241,4,1,Delayed,Road,Quality Inspection
SHP000224,PO000224,V011,H005,2025-02-06,2025-02-08,61,60,1,2,Delayed,Road,Closed
SHP000225,PO000225,V009,H002,2024-09-05,2024-09-03,360,353,7,-2,Early,Air,Quality Inspection
SHP000226,PO000226,V003,H005,2025-07-07,2025-07-08,360,355,5,1,Delayed,Road,Received
SHP000227,PO000227,V010,H005,2025-01-06,2025-01-08,397,395,2,2,Delayed,Road,Closed
SHP000228,PO000228,V003,H001,2025-04-16,2025-04-14,208,205,3,-2,Early,Road,Quality Inspection
SHP000229,PO000229,V009,H003,2023-09-28,2023-09-28,96,95,1,0,Delivered,Road,Quality Inspection
SHP000230,PO000230,V004,H002,2023-11-17,2023-11-17,152,151,1,0,Delivered,Road,Quality Inspection
SHP000231,PO000231,V010,H002,2026-01-03,2026-01-05,475,473,2,2,Delayed,Road,Quality Inspection
SHP000232,PO000232,V001,H001,2023-03-02,2023-03-04,432,427,5,2,Delayed,Air,Quality Inspection
SHP000233,PO000233,V002,H001,2024-06-27,2024-06-26,122,122,0,-1,Early,Air,Closed
SHP000234,PO000234,V006,H001,2023-09-27,2023-10-01,483,475,8,4,Delayed,Road,Quality Inspection
SHP000235,PO000235,V009,H003,2024-10-28,2024-10-26,185,185,0,-2,Early,Road,Closed
SHP000236,PO000236,V010,H002,2024-01-06,2024-01-08,349,346,3,2,Delayed,Air,Quality Inspection
SHP000237,PO000237,V005,H001,2025-10-29,2025-10-28,395,392,3,-1,Early,Road,Closed
SHP000238,PO000238,V012,H002,2023-07-12,2023-07-15,362,359,3,3,Delayed,Road,Closed
SHP000239,PO000239,V002,H005,2025-04-28,2025-05-03,408,404,4,5,Delayed,Road,Received
SHP000240,PO000240,V004,H001,2025-12-01,2025-12-01,73,73,0,0,Delivered,Road,Quality Inspection
SHP000241,PO000241,V005,H002,2025-06-26,2025-06-25,99,99,0,-1,Early,Air,Received
SHP000242,PO000242,V001,H004,2024-10-29,2024-11-02,282,280,2,4,Delayed,Road,Closed
SHP000243,PO000243,V005,H005,2024-02-28,2024-03-03,350,348,2,4,Delayed,Air,Closed
SHP000244,PO000244,V006,H004,2023-11-30,2023-11-29,476,469,7,-1,Early,Road,Quality Inspection
SHP000245,PO000245,V007,H004,2023-04-29,2023-04-27,403,398,5,-2,Early,Road,Quality Inspection
SHP000246,PO000246,V005,H005,2024-09-06,2024-09-07,487,482,5,1,Delayed,Road,Closed
SHP000247,PO000247,V011,H002,2025-08-01,2025-08-04,328,323,5,3,Delayed,Road,Quality Inspection
SHP000248,PO000248,V002,H005,2024-03-03,2024-03-05,147,147,0,2,Delayed,Air,Quality Inspection
SHP000249,PO000249,V007,H003,2025-04-21,2025-04-20,389,386,3,-1,Early,Road,Closed
SHP000250,PO000250,V001,H005,2025-08-20,2025-08-18,75,74,1,-2,Early,Road,Received
SHP000251,PO000251,V005,H004,2024-09-07,2024-09-08,85,85,0,1,Delayed,Road,Received
SHP000252,PO000252,V006,H002,2024-10-20,2024-10-23,446,444,2,3,Delayed,Road,Closed
SHP000253,PO000253,V012,H003,2024-10-09,2024-10-07,191,190,1,-2,Early,Air,Closed
SHP000254,PO000254,V002,H005,2024-03-26,2024-03-28,458,456,2,2,Delayed,Road,Received
SHP000255,PO000255,V009,H004,2023-01-29,2023-01-29,57,56,1,0,Delivered,Road,Received
SHP000256,PO000256,V003,H002,2025-01-24,2025-01-27,58,58,0,3,Delayed,Road,Received
SHP000257,PO000257,V001,H002,2024-08-21,2024-08-25,319,319,0,4,Delayed,Road,Quality Inspection
SHP000258,PO000258,V008,H002,2023-10-13,2023-10-18,448,443,5,5,Delayed,Road,Received
SHP000259,PO000259,V002,H003,2023-11-02,2023-11-07,307,306,1,5,Delayed,Air,Received
SHP000260,PO000260,V003,H003,2024-11-18,2024-11-20,284,279,5,2,Delayed,Air,Received
SHP000261,PO000261,V011,H005,2024-10-29,2024-11-03,483,477,6,5,Delayed,Road,Received
SHP000262,PO000262,V010,H001,2025-11-18,2025-11-23,414,407,7,5,Delayed,Road,Received
SHP000263,PO000263,V008,H005,2023-09-04,2023-09-07,361,359,2,3,Delayed,Road,Quality Inspection
SHP000264,PO000264,V002,H003,2024-07-07,2024-07-10,245,241,4,3,Delayed,Road,Quality Inspection
SHP000265,PO000265,V012,H002,2024-05-27,2024-05-31,100,98,2,4,Delayed,Road,Closed
SHP000266,PO000266,V002,H005,2023-11-17,2023-11-18,270,267,3,1,Delayed,Air,Quality Inspection
SHP000267,PO000267,V004,H005,2023-10-16,2023-10-19,473,466,7,3,Delayed,Road,Closed
SHP000268,PO000268,V009,H003,2024-01-02,2024-01-01,210,207,3,-1,Early,Road,Quality Inspection
SHP000269,PO000269,V011,H004,2024-02-13,2024-02-16,128,126,2,3,Delayed,Air,Received
SHP000270,PO000270,V008,H005,2024-03-22,2024-03-21,475,474,1,-1,Early,Road,Received
SHP000271,PO000271,V005,H002,2023-09-28,2023-10-01,465,463,2,3,Delayed,Road,Closed
SHP000272,PO000272,V009,H005,2023-04-09,2023-04-12,393,392,1,3,Delayed,Road,Closed
SHP000273,PO000273,V009,H003,2024-03-26,2024-03-30,494,494,0,4,Delayed,Air,Closed
SHP000274,PO000274,V004,H005,2024-05-11,2024-05-13,230,230,0,2,Delayed,Road,Received
SHP000275,PO000275,V004,H004,2023-04-24,2023-04-24,386,379,7,0,Delivered,Road,Received
SHP000276,PO000276,V011,H001,2023-01-26,2023-01-29,482,474,8,3,Delayed,Road,Quality Inspection
SHP000277,PO000277,V009,H002,2024-02-25,2024-02-26,463,457,6,1,Delayed,Air,Closed
SHP000278,PO000278,V001,H001,2026-01-07,2026-01-05,361,357,4,-2,Early,Road,Quality Inspection
SHP000279,PO000279,V012,H005,2025-04-09,2025-04-11,223,221,2,2,Delayed,Road,Received
SHP000280,PO000280,V004,H001,2023-01-25,2023-01-29,85,85,0,4,Delayed,Road,Received
SHP000281,PO000281,V006,H003,2025-11-16,2025-11-15,432,424,8,-1,Early,Road,Quality Inspection
SHP000282,PO000282,V012,H001,2025-08-13,2025-08-18,224,223,1,5,Delayed,Road,Closed
SHP000283,PO000283,V009,H003,2024-01-07,2024-01-10,447,446,1,3,Delayed,Air,Received
SHP000284,PO000284,V012,H002,2024-01-30,2024-01-30,436,436,0,0,Delivered,Road,Quality Inspection
SHP000285,PO000285,V011,H002,2025-03-11,2025-03-16,388,382,6,5,Delayed,Road,Quality Inspection
SHP000286,PO000286,V008,H002,2024-07-11,2024-07-15,189,188,1,4,Delayed,Road,Received
SHP000287,PO000287,V012,H004,2023-12-10,2023-12-13,270,270,0,3,Delayed,Road,Closed
SHP000288,PO000288,V011,H003,2024-04-12,2024-04-17,319,314,5,5,Delayed,Road,Received
SHP000289,PO000289,V006,H003,2025-09-09,2025-09-13,356,356,0,4,Delayed,Road,Quality Inspection
SHP000290,PO000290,V011,H002,2026-01-01,2026-01-02,442,440,2,1,Delayed,Road,Quality Inspection
SHP000291,PO000291,V001,H001,2023-12-10,2023-12-13,111,111,0,3,Delayed,Road,Quality Inspection
SHP000292,PO000292,V009,H001,2025-11-23,2025-11-23,116,115,1,0,Delivered,Road,Received
SHP000293,PO000293,V012,H004,2023-05-15,2023-05-18,86,85,1,3,Delayed,Air,Received
SHP000294,PO000294,V009,H001,2024-04-03,2024-04-07,59,58,1,4,Delayed,Air,Quality Inspection
SHP000295,PO000295,V010,H002,2023-06-05,2023-06-09,343,340,3,4,Delayed,Road,Quality Inspection
SHP000296,PO000296,V006,H005,2025-02-23,2025-02-25,108,107,1,2,Delayed,Road,Quality Inspection
SHP000297,PO000297,V010,H005,2023-09-14,2023-09-14,460,451,9,0,Delivered,Road,Closed
SHP000298,PO000298,V007,H004,2023-03-13,2023-03-16,95,94,1,3,Delayed,Air,Received
SHP000299,PO000299,V004,H003,2024-04-21,2024-04-25,351,345,6,4,Delayed,Road,Quality Inspection
SHP000300,PO000300,V009,H001,2023-03-19,2023-03-21,431,426,5,2,Delayed,Road,Received
SHP000301,PO000301,V012,H001,2025-07-19,2025-07-18,311,306,5,-1,Early,Road,Closed
SHP000302,PO000302,V009,H004,2024-04-01,2024-04-02,447,442,5,1,Delayed,Road,Closed
SHP000303,PO000303,V003,H004,2024-10-23,2024-10-23,170,170,0,0,Delivered,Road,Received
SHP000304,PO000304,V010,H003,2024-09-21,2024-09-21,358,356,2,0,Delivered,Road,Closed
SHP000305,PO000305,V007,H001,2025-11-06,2025-11-05,140,138,2,-1,Early,Road,Closed
SHP000306,PO000306,V008,H005,2025-05-08,2025-05-13,398,393,5,5,Delayed,Air,Closed
SHP000307,PO000307,V005,H004,2024-04-27,2024-04-30,127,126,1,3,Delayed,Road,Quality Inspection
SHP000308,PO000308,V002,H005,2025-12-31,2026-01-02,457,453,4,2,Delayed,Road,Quality Inspection
SHP000309,PO000309,V002,H001,2025-07-20,2025-07-19,208,205,3,-1,Early,Road,Received
SHP000310,PO000310,V003,H005,2024-07-08,2024-07-11,475,471,4,3,Delayed,Road,Received
SHP000311,PO000311,V010,H001,2024-03-17,2024-03-21,286,282,4,4,Delayed,Road,Closed
SHP000312,PO000312,V001,H002,2025-09-14,2025-09-12,280,276,4,-2,Early,Road,Quality Inspection
SHP000313,PO000313,V008,H004,2025-03-12,2025-03-17,306,305,1,5,Delayed,Air,Quality Inspection
SHP000314,PO000314,V010,H002,2023-08-04,2023-08-03,465,460,5,-1,Early,Air,Received
SHP000315,PO000315,V010,H001,2024-04-12,2024-04-12,70,70,0,0,Delivered,Road,Quality Inspection
SHP000316,PO000316,V005,H003,2023-11-30,2023-11-30,236,234,2,0,Delivered,Air,Quality Inspection
SHP000317,PO000317,V012,H005,2024-12-08,2024-12-12,446,441,5,4,Delayed,Road,Received
SHP000318,PO000318,V007,H002,2024-01-05,2024-01-08,83,82,1,3,Delayed,Road,Closed
SHP000319,PO000319,V012,H004,2023-05-17,2023-05-21,195,193,2,4,Delayed,Road,Closed
SHP000320,PO000320,V003,H003,2023-10-14,2023-10-14,220,220,0,0,Delivered,Road,Received
SHP000321,PO000321,V005,H004,2025-02-24,2025-02-27,208,205,3,3,Delayed,Road,Closed
SHP000322,PO000322,V003,H001,2023-01-30,2023-01-29,208,204,4,-1,Early,Road,Quality Inspection
SHP000323,PO000323,V006,H001,2024-01-21,2024-01-21,393,392,1,0,Delivered,Road,Quality Inspection
SHP000324,PO000324,V003,H004,2024-12-31,2025-01-03,59,58,1,3,Delayed,Road,Received
SHP000325,PO000325,V003,H004,2024-05-18,2024-05-21,442,435,7,3,Delayed,Road,Received
SHP000326,PO000326,V001,H001,2023-07-18,2023-07-18,89,88,1,0,Delivered,Air,Received
SHP000327,PO000327,V007,H001,2024-01-11,2024-01-09,388,383,5,-2,Early,Air,Closed
SHP000328,PO000328,V004,H003,2025-12-23,2025-12-23,355,349,6,0,Delivered,Road,Received
SHP000329,PO000329,V011,H003,2023-04-21,2023-04-21,419,412,7,0,Delivered,Road,Quality Inspection
SHP000330,PO000330,V004,H005,2024-10-12,2024-10-13,277,273,4,1,Delayed,Road,Closed
SHP000331,PO000331,V001,H001,2024-09-11,2024-09-16,169,168,1,5,Delayed,Road,Quality Inspection
SHP000332,PO000332,V004,H003,2025-03-03,2025-03-04,238,234,4,1,Delayed,Air,Quality Inspection
SHP000333,PO000333,V008,H001,2023-08-11,2023-08-13,448,442,6,2,Delayed,Road,Quality Inspection
SHP000334,PO000334,V011,H004,2023-03-17,2023-03-17,468,465,3,0,Delivered,Air,Received
SHP000335,PO000335,V009,H002,2024-01-28,2024-01-30,76,75,1,2,Delayed,Air,Closed
SHP000336,PO000336,V004,H001,2023-06-24,2023-06-23,414,406,8,-1,Early,Air,Quality Inspection
SHP000337,PO000337,V009,H004,2024-10-22,2024-10-21,440,438,2,-1,Early,Road,Closed
SHP000338,PO000338,V009,H002,2025-01-19,2025-01-19,475,469,6,0,Delivered,Road,Received
SHP000339,PO000339,V002,H001,2025-11-25,2025-11-30,228,228,0,5,Delayed,Road,Quality Inspection
SHP000340,PO000340,V008,H005,2025-03-21,2025-03-24,170,167,3,3,Delayed,Air,Quality Inspection
SHP000341,PO000341,V008,H003,2025-12-25,2025-12-26,64,63,1,1,Delayed,Air,Closed
SHP000342,PO000342,V003,H003,2025-10-11,2025-10-14,455,453,2,3,Delayed,Road,Quality Inspection
SHP000343,PO000343,V001,H004,2025-09-25,2025-09-30,406,404,2,5,Delayed,Road,Quality Inspection
SHP000344,PO000344,V008,H005,2025-08-17,2025-08-22,365,365,0,5,Delayed,Air,Received
SHP000345,PO000345,V006,H003,2025-03-07,2025-03-09,160,159,1,2,Delayed,Road,Closed
SHP000346,PO000346,V005,H002,2024-11-08,2024-11-12,106,105,1,4,Delayed,Road,Received
SHP000347,PO000347,V011,H002,2024-09-03,2024-09-01,172,169,3,-2,Early,Road,Closed
SHP000348,PO000348,V012,H004,2023-09-07,2023-09-12,82,82,0,5,Delayed,Air,Quality Inspection
SHP000349,PO000349,V003,H005,2024-03-10,2024-03-08,373,370,3,-2,Early,Road,Quality Inspection
SHP000350,PO000350,V008,H002,2023-11-04,2023-11-08,50,49,1,4,Delayed,Road,Quality Inspection
SHP000351,PO000351,V007,H001,2023-06-26,2023-06-26,390,389,1,0,Delivered,Road,Quality Inspection
SHP000352,PO000352,V009,H005,2025-01-18,2025-01-17,319,315,4,-1,Early,Road,Closed
SHP000353,PO000353,V009,H002,2023-04-13,2023-04-11,249,246,3,-2,Early,Road,Quality Inspection
SHP000354,PO000354,V009,H002,2024-04-11,2024-04-14,179,179,0,3,Delayed,Road,Received
SHP000355,PO000355,V003,H005,2023-02-25,2023-02-28,173,173,0,3,Delayed,Road,Closed
SHP000356,PO000356,V006,H004,2023-11-05,2023-11-08,118,118,0,3,Delayed,Road,Quality Inspection
SHP000357,PO000357,V007,H005,2025-01-08,2025-01-08,475,468,7,0,Delivered,Air,Quality Inspection
SHP000358,PO000358,V009,H001,2023-05-30,2023-05-30,465,463,2,0,Delivered,Road,Quality Inspection
SHP000359,PO000359,V005,H003,2023-12-24,2023-12-22,200,199,1,-2,Early,Road,Received
SHP000360,PO000360,V012,H005,2024-05-05,2024-05-03,211,209,2,-2,Early,Road,Closed
SHP000361,PO000361,V001,H001,2023-03-08,2023-03-13,179,179,0,5,Delayed,Road,Received
SHP000362,PO000362,V011,H004,2024-03-12,2024-03-14,232,232,0,2,Delayed,Air,Quality Inspection
SHP000363,PO000363,V011,H004,2024-11-13,2024-11-15,113,112,1,2,Delayed,Road,Quality Inspection
SHP000364,PO000364,V006,H004,2025-03-24,2025-03-29,247,245,2,5,Delayed,Air,Quality Inspection
SHP000365,PO000365,V011,H002,2024-09-16,2024-09-21,238,234,4,5,Delayed,Road,Received
SHP000366,PO000366,V009,H001,2024-01-22,2024-01-26,90,89,1,4,Delayed,Road,Received
SHP000367,PO000367,V007,H004,2025-06-10,2025-06-12,214,214,0,2,Delayed,Road,Closed
SHP000368,PO000368,V012,H003,2025-10-15,2025-10-17,206,203,3,2,Delayed,Road,Quality Inspection
SHP000369,PO000369,V004,H004,2025-01-11,2025-01-11,403,396,7,0,Delivered,Road,Received
SHP000370,PO000370,V008,H003,2025-05-09,2025-05-12,364,358,6,3,Delayed,Road,Received
SHP000371,PO000371,V003,H005,2023-06-24,2023-06-23,393,387,6,-1,Early,Road,Closed
SHP000372,PO000372,V006,H001,2023-12-29,2023-12-29,65,65,0,0,Delivered,Air,Closed
SHP000373,PO000373,V012,H005,2025-02-06,2025-02-11,67,67,0,5,Delayed,Road,Closed
SHP000374,PO000374,V004,H001,2024-05-27,2024-05-30,235,232,3,3,Delayed,Air,Received
SHP000375,PO000375,V008,H003,2023-09-20,2023-09-20,397,390,7,0,Delivered,Air,Quality Inspection
SHP000376,PO000376,V012,H005,2023-12-22,2023-12-27,440,439,1,5,Delayed,Road,Closed
SHP000377,PO000377,V009,H005,2023-12-23,2023-12-26,253,251,2,3,Delayed,Road,Received
SHP000378,PO000378,V003,H005,2025-04-27,2025-04-26,63,63,0,-1,Early,Road,Quality Inspection
SHP000379,PO000379,V006,H003,2023-11-14,2023-11-13,184,182,2,-1,Early,Road,Received
SHP000380,PO000380,V001,H004,2025-05-05,2025-05-07,405,398,7,2,Delayed,Road,Received
SHP000381,PO000381,V004,H003,2025-11-27,2025-11-26,281,280,1,-1,Early,Air,Quality Inspection
SHP000382,PO000382,V005,H001,2023-07-31,2023-07-30,464,459,5,-1,Early,Road,Closed
SHP000383,PO000383,V012,H005,2025-06-14,2025-06-13,331,327,4,-1,Early,Road,Quality Inspection
SHP000384,PO000384,V012,H002,2023-10-11,2023-10-11,414,412,2,0,Delivered,Road,Closed
SHP000385,PO000385,V001,H001,2025-08-06,2025-08-07,112,112,0,1,Delayed,Road,Received
SHP000386,PO000386,V011,H005,2024-03-05,2024-03-10,63,62,1,5,Delayed,Road,Quality Inspection
SHP000387,PO000387,V009,H002,2025-01-20,2025-01-25,461,453,8,5,Delayed,Road,Received
SHP000388,PO000388,V005,H003,2025-04-12,2025-04-11,208,205,3,-1,Early,Air,Closed
SHP000389,PO000389,V003,H004,2024-03-18,2024-03-23,319,316,3,5,Delayed,Road,Closed
SHP000390,PO000390,V007,H004,2023-02-11,2023-02-10,114,113,1,-1,Early,Road,Quality Inspection
SHP000391,PO000391,V003,H002,2024-04-18,2024-04-23,398,393,5,5,Delayed,Road,Closed
SHP000392,PO000392,V010,H005,2025-02-05,2025-02-05,443,441,2,0,Delivered,Road,Received
SHP000393,PO000393,V010,H001,2023-06-04,2023-06-03,315,314,1,-1,Early,Road,Received
SHP000394,PO000394,V012,H004,2025-05-09,2025-05-12,413,410,3,3,Delayed,Road,Closed
SHP000395,PO000395,V002,H003,2025-03-07,2025-03-09,483,482,1,2,Delayed,Road,Closed
SHP000396,PO000396,V006,H003,2023-07-10,2023-07-12,114,112,2,2,Delayed,Road,Closed
SHP000397,PO000397,V001,H002,2025-12-03,2025-12-02,307,302,5,-1,Early,Road,Closed
SHP000398,PO000398,V001,H001,2025-03-08,2025-03-08,137,135,2,0,Delivered,Road,Closed
SHP000399,PO000399,V005,H004,2025-01-30,2025-02-02,481,472,9,3,Delayed,Road,Received
SHP000400,PO000400,V012,H005,2024-01-05,2024-01-04,73,72,1,-1,Early,Road,Closed
SHP000401,PO000401,V008,H005,2024-04-08,2024-04-12,366,366,0,4,Delayed,Road,Closed
SHP000402,PO000402,V007,H004,2025-04-28,2025-04-30,378,374,4,2,Delayed,Road,Closed
SHP000403,PO000403,V002,H001,2023-11-25,2023-11-29,202,199,3,4,Delayed,Road,Received
SHP000404,PO000404,V004,H001,2025-06-20,2025-06-20,275,272,3,0,Delivered,Road,Received
SHP000405,PO000405,V012,H001,2025-08-02,2025-08-05,360,358,2,3,Delayed,Road,Closed
SHP000406,PO000406,V011,H004,2023-02-10,2023-02-13,425,420,5,3,Delayed,Air,Received
SHP000407,PO000407,V006,H002,2023-12-26,2023-12-29,313,309,4,3,Delayed,Road,Received
SHP000408,PO000408,V003,H001,2023-03-07,2023-03-12,112,111,1,5,Delayed,Road,Received
SHP000409,PO000409,V004,H005,2025-10-19,2025-10-18,75,74,1,-1,Early,Air,Closed
SHP000410,PO000410,V009,H003,2023-12-01,2023-12-05,177,176,1,4,Delayed,Air,Closed
SHP000411,PO000411,V001,H004,2025-11-15,2025-11-18,147,147,0,3,Delayed,Road,Closed
SHP000412,PO000412,V007,H002,2025-03-20,2025-03-25,305,303,2,5,Delayed,Road,Received
SHP000413,PO000413,V005,H001,2024-11-11,2024-11-15,308,305,3,4,Delayed,Air,Received
SHP000414,PO000414,V006,H002,2023-09-20,2023-09-23,74,74,0,3,Delayed,Road,Closed
SHP000415,PO000415,V009,H005,2023-06-03,2023-06-08,196,196,0,5,Delayed,Air,Quality Inspection
SHP000416,PO000416,V002,H001,2025-02-04,2025-02-04,185,183,2,0,Delivered,Road,Quality Inspection
SHP000417,PO000417,V011,H003,2025-02-08,2025-02-06,255,255,0,-2,Early,Road,Received
SHP000418,PO000418,V005,H005,2023-02-04,2023-02-07,333,331,2,3,Delayed,Road,Closed
SHP000419,PO000419,V008,H005,2023-01-25,2023-01-30,441,433,8,5,Delayed,Road,Closed
SHP000420,PO000420,V007,H001,2025-10-29,2025-10-28,115,115,0,-1,Early,Road,Quality Inspection
SHP000421,PO000421,V002,H002,2025-12-10,2025-12-13,436,434,2,3,Delayed,Road,Closed
SHP000422,PO000422,V007,H002,2025-11-26,2025-11-30,306,306,0,4,Delayed,Road,Received
SHP000423,PO000423,V003,H005,2023-09-30,2023-10-03,461,454,7,3,Delayed,Road,Received
SHP000424,PO000424,V004,H002,2024-10-19,2024-10-19,217,213,4,0,Delivered,Road,Quality Inspection
SHP000425,PO000425,V007,H002,2023-09-06,2023-09-08,353,348,5,2,Delayed,Road,Closed
SHP000426,PO000426,V006,H005,2023-09-23,2023-09-28,412,408,4,5,Delayed,Road,Received
SHP000427,PO000427,V003,H001,2023-07-10,2023-07-13,219,219,0,3,Delayed,Air,Closed
SHP000428,PO000428,V003,H002,2024-11-07,2024-11-09,457,457,0,2,Delayed,Road,Quality Inspection
SHP000429,PO000429,V010,H001,2025-12-01,2025-12-02,419,419,0,1,Delayed,Road,Received
SHP000430,PO000430,V004,H001,2025-04-14,2025-04-18,125,123,2,4,Delayed,Road,Closed
SHP000431,PO000431,V011,H001,2023-02-09,2023-02-08,147,147,0,-1,Early,Road,Quality Inspection
SHP000432,PO000432,V010,H001,2023-07-06,2023-07-06,261,256,5,0,Delivered,Road,Closed
SHP000433,PO000433,V011,H001,2023-10-06,2023-10-11,496,496,0,5,Delayed,Road,Closed
SHP000434,PO000434,V009,H004,2023-12-23,2023-12-24,337,335,2,1,Delayed,Air,Quality Inspection
SHP000435,PO000435,V006,H004,2025-01-12,2025-01-16,210,209,1,4,Delayed,Road,Closed
SHP000436,PO000436,V006,H005,2024-06-05,2024-06-08,329,327,2,3,Delayed,Road,Closed
SHP000437,PO000437,V007,H005,2023-07-24,2023-07-26,362,355,7,2,Delayed,Road,Received
SHP000438,PO000438,V001,H003,2025-03-01,2025-03-03,335,333,2,2,Delayed,Road,Quality Inspection
SHP000439,PO000439,V006,H001,2025-03-24,2025-03-26,410,407,3,2,Delayed,Road,Quality Inspection
SHP000440,PO000440,V006,H002,2024-08-16,2024-08-19,295,293,2,3,Delayed,Road,Closed
SHP000441,PO000441,V001,H005,2023-08-01,2023-08-03,197,197,0,2,Delayed,Road,Closed
SHP000442,PO000442,V005,H002,2025-03-27,2025-03-31,252,250,2,4,Delayed,Air,Received
SHP000443,PO000443,V003,H004,2023-03-04,2023-03-06,71,70,1,2,Delayed,Air,Received
SHP000444,PO000444,V001,H003,2024-01-02,2024-01-05,276,271,5,3,Delayed,Road,Quality Inspection
SHP000445,PO000445,V005,H004,2026-01-04,2026-01-05,153,151,2,1,Delayed,Air,Closed
SHP000446,PO000446,V003,H001,2024-12-03,2024-12-05,120,120,0,2,Delayed,Road,Closed
SHP000447,PO000447,V003,H003,2025-12-18,2025-12-19,174,174,0,1,Delayed,Road,Closed
SHP000448,PO000448,V012,H001,2024-12-06,2024-12-07,376,373,3,1,Delayed,Road,Quality Inspection
SHP000449,PO000449,V005,H005,2024-11-01,2024-11-04,417,410,7,3,Delayed,Road,Received
SHP000450,PO000450,V006,H005,2024-10-08,2024-10-06,331,330,1,-2,Early,Road,Quality Inspection
SHP000451,PO000451,V011,H001,2024-01-23,2024-01-28,383,380,3,5,Delayed,Road,Quality Inspection
SHP000452,PO000452,V009,H001,2024-11-21,2024-11-24,196,196,0,3,Delayed,Air,Received
SHP000453,PO000453,V012,H001,2024-12-04,2024-12-05,323,318,5,1,Delayed,Road,Received
SHP000454,PO000454,V007,H005,2024-07-04,2024-07-04,263,262,1,0,Delivered,Air,Received
SHP000455,PO000455,V007,H004,2025-05-22,2025-05-26,453,446,7,4,Delayed,Road,Closed
SHP000456,PO000456,V010,H001,2024-04-20,2024-04-22,498,498,0,2,Delayed,Road,Closed
SHP000457,PO000457,V012,H002,2023-02-27,2023-02-26,221,219,2,-1,Early,Road,Closed
SHP000458,PO000458,V007,H005,2023-12-21,2023-12-26,118,116,2,5,Delayed,Road,Received
SHP000459,PO000459,V003,H005,2025-06-07,2025-06-06,219,218,1,-1,Early,Road,Closed
SHP000460,PO000460,V006,H005,2024-02-12,2024-02-14,417,415,2,2,Delayed,Road,Quality Inspection
SHP000461,PO000461,V008,H003,2023-05-04,2023-05-06,340,335,5,2,Delayed,Road,Received
SHP000462,PO000462,V007,H004,2023-07-24,2023-07-28,473,467,6,4,Delayed,Road,Received
SHP000463,PO000463,V012,H005,2024-09-05,2024-09-09,392,391,1,4,Delayed,Road,Received
SHP000464,PO000464,V004,H005,2025-10-04,2025-10-09,215,214,1,5,Delayed,Road,Quality Inspection
SHP000465,PO000465,V001,H003,2025-02-27,2025-02-28,278,276,2,1,Delayed,Air,Quality Inspection
SHP000466,PO000466,V010,H003,2024-07-07,2024-07-05,183,181,2,-2,Early,Road,Received
SHP000467,PO000467,V002,H005,2024-12-15,2024-12-14,288,286,2,-1,Early,Road,Closed
SHP000468,PO000468,V004,H001,2025-09-05,2025-09-07,403,402,1,2,Delayed,Road,Quality Inspection
SHP000469,PO000469,V011,H005,2023-09-19,2023-09-22,364,361,3,3,Delayed,Road,Received
SHP000470,PO000470,V012,H002,2023-04-14,2023-04-19,128,127,1,5,Delayed,Road,Closed
SHP000471,PO000471,V012,H004,2024-11-01,2024-11-04,262,257,5,3,Delayed,Road,Quality Inspection
SHP000472,PO000472,V010,H003,2025-12-14,2025-12-15,440,437,3,1,Delayed,Road,Closed
SHP000473,PO000473,V010,H005,2025-05-12,2025-05-11,319,316,3,-1,Early,Road,Quality Inspection
SHP000474,PO000474,V006,H003,2023-08-13,2023-08-12,338,338,0,-1,Early,Road,Closed
SHP000475,PO000475,V011,H003,2023-04-02,2023-04-03,343,339,4,1,Delayed,Road,Quality Inspection
SHP000476,PO000476,V010,H005,2025-04-04,2025-04-09,109,107,2,5,Delayed,Road,Closed
SHP000477,PO000477,V009,H001,2023-02-23,2023-02-28,96,95,1,5,Delayed,Air,Quality Inspection
SHP000478,PO000478,V010,H001,2024-04-25,2024-04-25,312,309,3,0,Delivered,Road,Received
SHP000479,PO000479,V006,H004,2025-05-21,2025-05-26,394,390,4,5,Delayed,Road,Quality Inspection
SHP000480,PO000480,V001,H002,2025-11-30,2025-12-02,468,468,0,2,Delayed,Road,Closed
SHP000481,PO000481,V007,H002,2025-11-28,2025-11-27,73,72,1,-1,Early,Road,Received
SHP000482,PO000482,V008,H003,2024-02-21,2024-02-19,85,84,1,-2,Early,Road,Quality Inspection
SHP000483,PO000483,V002,H001,2024-02-22,2024-02-22,443,441,2,0,Delivered,Road,Closed
SHP000484,PO000484,V004,H001,2024-05-16,2024-05-20,241,238,3,4,Delayed,Road,Quality Inspection
SHP000485,PO000485,V011,H003,2024-12-21,2024-12-25,91,91,0,4,Delayed,Road,Quality Inspection
SHP000486,PO000486,V005,H001,2023-03-19,2023-03-18,141,139,2,-1,Early,Road,Received
SHP000487,PO000487,V011,H005,2024-04-21,2024-04-22,477,477,0,1,Delayed,Road,Quality Inspection
SHP000488,PO000488,V010,H004,2025-09-11,2025-09-16,394,388,6,5,Delayed,Road,Received
SHP000489,PO000489,V004,H003,2024-09-23,2024-09-24,285,283,2,1,Delayed,Road,Received
SHP000490,PO000490,V009,H005,2024-04-03,2024-04-02,66,65,1,-1,Early,Road,Received
SHP000491,PO000491,V010,H004,2023-01-30,2023-01-31,155,155,0,1,Delayed,Road,Received
SHP000492,PO000492,V012,H002,2024-12-05,2024-12-10,356,356,0,5,Delayed,Road,Received
SHP000493,PO000493,V005,H001,2023-11-25,2023-11-29,274,273,1,4,Delayed,Road,Received
SHP000494,PO000494,V011,H001,2023-03-09,2023-03-09,307,305,2,0,Delivered,Road,Closed
SHP000495,PO000495,V012,H002,2023-03-30,2023-04-02,345,341,4,3,Delayed,Road,Quality Inspection
SHP000496,PO000496,V001,H003,2025-11-11,2025-11-12,204,203,1,1,Delayed,Air,Closed
SHP000497,PO000497,V009,H004,2023-07-31,2023-08-01,261,259,2,1,Delayed,Road,Closed
SHP000498,PO000498,V006,H003,2023-07-20,2023-07-20,370,364,6,0,Delivered,Road,Received
SHP000499,PO000499,V006,H002,2024-11-27,2024-11-30,379,373,6,3,Delayed,Road,Quality Inspection
SHP000500,PO000500,V009,H004,2023-05-02,2023-05-06,259,258,1,4,Delayed,Road,Received
SHP000501,PO000501,V010,H004,2025-05-10,2025-05-15,173,172,1,5,Delayed,Road,Closed
SHP000502,PO000502,V012,H001,2025-08-11,2025-08-11,462,455,7,0,Delivered,Air,Closed
SHP000503,PO000503,V004,H001,2024-11-18,2024-11-22,263,259,4,4,Delayed,Road,Quality Inspection
SHP000504,PO000504,V007,H002,2024-03-29,2024-03-30,180,179,1,1,Delayed,Road,Received
SHP000505,PO000505,V001,H004,2025-06-14,2025-06-19,483,478,5,5,Delayed,Road,Closed
SHP000506,PO000506,V010,H001,2023-04-02,2023-04-03,76,75,1,1,Delayed,Road,Closed
SHP000507,PO000507,V006,H004,2023-01-27,2023-01-25,497,496,1,-2,Early,Road,Closed
SHP000508,PO000508,V003,H002,2023-08-04,2023-08-05,295,294,1,1,Delayed,Air,Quality Inspection
SHP000509,PO000509,V001,H005,2024-08-25,2024-08-27,57,57,0,2,Delayed,Air,Closed
SHP000510,PO000510,V005,H001,2025-10-21,2025-10-20,432,425,7,-1,Early,Air,Closed
SHP000511,PO000511,V005,H001,2024-05-03,2024-05-04,253,252,1,1,Delayed,Road,Quality Inspection
SHP000512,PO000512,V007,H003,2025-02-14,2025-02-18,288,284,4,4,Delayed,Road,Quality Inspection
SHP000513,PO000513,V002,H004,2023-08-20,2023-08-22,234,230,4,2,Delayed,Air,Quality Inspection
SHP000514,PO000514,V003,H005,2023-09-16,2023-09-15,461,454,7,-1,Early,Road,Quality Inspection
SHP000515,PO000515,V003,H003,2025-05-16,2025-05-17,239,237,2,1,Delayed,Road,Closed
SHP000516,PO000516,V007,H001,2023-08-28,2023-08-29,429,427,2,1,Delayed,Road,Closed
SHP000517,PO000517,V005,H001,2024-03-06,2024-03-10,201,200,1,4,Delayed,Road,Received
SHP000518,PO000518,V001,H004,2023-03-29,2023-04-02,341,335,6,4,Delayed,Road,Closed
SHP000519,PO000519,V004,H002,2023-01-12,2023-01-15,181,178,3,3,Delayed,Air,Closed
SHP000520,PO000520,V009,H005,2023-07-16,2023-07-21,285,284,1,5,Delayed,Road,Quality Inspection
SHP000521,PO000521,V010,H001,2024-07-08,2024-07-08,121,119,2,0,Delivered,Road,Received
SHP000522,PO000522,V010,H001,2025-01-21,2025-01-19,318,318,0,-2,Early,Air,Received
SHP000523,PO000523,V005,H003,2023-11-01,2023-10-30,441,441,0,-2,Early,Road,Closed
SHP000524,PO000524,V011,H003,2025-02-17,2025-02-18,84,84,0,1,Delayed,Road,Closed
SHP000525,PO000525,V010,H005,2025-03-14,2025-03-19,241,241,0,5,Delayed,Road,Closed
SHP000526,PO000526,V006,H001,2023-10-17,2023-10-22,387,380,7,5,Delayed,Road,Closed
SHP000527,PO000527,V002,H005,2024-01-17,2024-01-21,56,56,0,4,Delayed,Road,Quality Inspection
SHP000528,PO000528,V002,H004,2025-10-06,2025-10-08,58,57,1,2,Delayed,Air,Received
SHP000529,PO000529,V004,H005,2023-02-01,2023-01-31,99,99,0,-1,Early,Road,Closed
SHP000530,PO000530,V008,H005,2024-06-15,2024-06-17,467,462,5,2,Delayed,Road,Quality Inspection
SHP000531,PO000531,V001,H003,2023-04-29,2023-04-28,241,238,3,-1,Early,Road,Received
SHP000532,PO000532,V006,H005,2023-06-21,2023-06-22,203,203,0,1,Delayed,Road,Closed
SHP000533,PO000533,V011,H005,2025-11-19,2025-11-17,97,96,1,-2,Early,Road,Closed
SHP000534,PO000534,V003,H005,2025-07-03,2025-07-08,78,78,0,5,Delayed,Road,Received
SHP000535,PO000535,V001,H004,2023-02-13,2023-02-18,482,476,6,5,Delayed,Road,Quality Inspection
SHP000536,PO000536,V003,H002,2024-09-20,2024-09-19,320,320,0,-1,Early,Road,Closed
SHP000537,PO000537,V012,H003,2025-08-04,2025-08-09,188,188,0,5,Delayed,Air,Closed
SHP000538,PO000538,V006,H002,2023-08-06,2023-08-08,328,324,4,2,Delayed,Road,Received
SHP000539,PO000539,V005,H003,2023-08-27,2023-08-30,58,58,0,3,Delayed,Road,Closed
SHP000540,PO000540,V004,H002,2024-06-10,2024-06-14,89,88,1,4,Delayed,Road,Received
SHP000541,PO000541,V010,H002,2025-08-08,2025-08-12,396,391,5,4,Delayed,Road,Closed
SHP000542,PO000542,V009,H001,2025-07-23,2025-07-23,454,453,1,0,Delivered,Road,Quality Inspection
SHP000543,PO000543,V009,H001,2025-09-28,2025-09-26,100,99,1,-2,Early,Road,Received
SHP000544,PO000544,V010,H005,2024-11-04,2024-11-07,359,353,6,3,Delayed,Air,Quality Inspection
SHP000545,PO000545,V002,H004,2025-04-04,2025-04-02,374,370,4,-2,Early,Road,Quality Inspection
SHP000546,PO000546,V010,H004,2025-11-29,2025-12-04,166,164,2,5,Delayed,Road,Quality Inspection
SHP000547,PO000547,V005,H003,2024-03-26,2024-03-30,145,143,2,4,Delayed,Road,Quality Inspection
SHP000548,PO000548,V008,H003,2023-09-16,2023-09-15,445,441,4,-1,Early,Road,Closed
SHP000549,PO000549,V004,H004,2025-05-21,2025-05-20,92,91,1,-1,Early,Road,Closed
SHP000550,PO000550,V003,H003,2024-02-19,2024-02-19,428,422,6,0,Delivered,Road,Received
SHP000551,PO000551,V001,H005,2024-09-03,2024-09-02,52,51,1,-1,Early,Road,Quality Inspection
SHP000552,PO000552,V009,H005,2025-03-19,2025-03-18,117,117,0,-1,Early,Road,Quality Inspection
SHP000553,PO000553,V010,H002,2025-05-17,2025-05-21,102,102,0,4,Delayed,Road,Closed
SHP000554,PO000554,V001,H002,2024-04-13,2024-04-12,355,350,5,-1,Early,Air,Received
SHP000555,PO000555,V002,H005,2024-01-09,2024-01-11,261,258,3,2,Delayed,Road,Closed
SHP000556,PO000556,V011,H004,2023-04-09,2023-04-10,342,338,4,1,Delayed,Road,Quality Inspection
SHP000557,PO000557,V006,H004,2023-01-30,2023-01-30,121,120,1,0,Delivered,Road,Quality Inspection
SHP000558,PO000558,V008,H001,2024-11-13,2024-11-13,82,82,0,0,Delivered,Road,Quality Inspection
SHP000559,PO000559,V011,H001,2024-10-27,2024-10-29,297,297,0,2,Delayed,Road,Received
SHP000560,PO000560,V003,H004,2025-04-11,2025-04-16,354,351,3,5,Delayed,Road,Received
SHP000561,PO000561,V004,H002,2025-01-14,2025-01-16,53,52,1,2,Delayed,Road,Closed
SHP000562,PO000562,V009,H003,2024-12-21,2024-12-25,461,456,5,4,Delayed,Road,Quality Inspection
SHP000563,PO000563,V003,H005,2024-10-24,2024-10-24,203,201,2,0,Delivered,Road,Closed
SHP000564,PO000564,V001,H004,2025-12-01,2025-12-02,295,293,2,1,Delayed,Road,Quality Inspection
SHP000565,PO000565,V004,H003,2025-11-24,2025-11-27,199,196,3,3,Delayed,Air,Received
SHP000566,PO000566,V001,H004,2024-03-14,2024-03-17,242,240,2,3,Delayed,Air,Quality Inspection
SHP000567,PO000567,V001,H002,2023-11-18,2023-11-21,108,106,2,3,Delayed,Road,Closed
SHP000568,PO000568,V007,H001,2023-05-17,2023-05-17,399,399,0,0,Delivered,Air,Quality Inspection
SHP000569,PO000569,V012,H001,2025-04-30,2025-05-01,274,272,2,1,Delayed,Air,Received
SHP000570,PO000570,V011,H005,2025-03-23,2025-03-27,394,387,7,4,Delayed,Road,Quality Inspection
SHP000571,PO000571,V007,H003,2023-06-23,2023-06-24,179,178,1,1,Delayed,Road,Quality Inspection
SHP000572,PO000572,V007,H002,2024-08-24,2024-08-23,279,275,4,-1,Early,Road,Quality Inspection
SHP000573,PO000573,V001,H004,2023-11-24,2023-11-28,328,328,0,4,Delayed,Road,Quality Inspection
SHP000574,PO000574,V006,H004,2024-09-20,2024-09-19,105,105,0,-1,Early,Road,Quality Inspection
SHP000575,PO000575,V003,H004,2023-04-01,2023-04-01,381,381,0,0,Delivered,Road,Closed
SHP000576,PO000576,V002,H004,2024-03-16,2024-03-20,435,430,5,4,Delayed,Air,Quality Inspection
SHP000577,PO000577,V010,H001,2024-01-26,2024-01-25,55,55,0,-1,Early,Road,Closed
SHP000578,PO000578,V006,H003,2023-06-17,2023-06-18,278,276,2,1,Delayed,Road,Closed
SHP000579,PO000579,V009,H005,2025-01-13,2025-01-13,226,226,0,0,Delivered,Road,Quality Inspection
SHP000580,PO000580,V011,H001,2024-10-27,2024-10-31,93,93,0,4,Delayed,Air,Closed
SHP000581,PO000581,V002,H003,2025-01-26,2025-01-26,228,226,2,0,Delivered,Road,Received
SHP000582,PO000582,V011,H001,2025-06-27,2025-07-02,228,225,3,5,Delayed,Road,Closed
SHP000583,PO000583,V005,H005,2025-08-26,2025-08-31,213,213,0,5,Delayed,Road,Closed
SHP000584,PO000584,V001,H004,2023-06-24,2023-06-23,61,60,1,-1,Early,Road,Closed
SHP000585,PO000585,V005,H003,2023-03-01,2023-03-01,429,426,3,0,Delivered,Road,Closed
SHP000586,PO000586,V001,H005,2025-08-31,2025-08-31,219,215,4,0,Delivered,Road,Quality Inspection
SHP000587,PO000587,V011,H003,2025-08-24,2025-08-25,458,452,6,1,Delayed,Road,Received
SHP000588,PO000588,V005,H002,2025-12-09,2025-12-13,252,252,0,4,Delayed,Road,Received
SHP000589,PO000589,V011,H003,2025-01-19,2025-01-24,353,347,6,5,Delayed,Road,Closed
SHP000590,PO000590,V004,H005,2024-04-30,2024-05-01,155,153,2,1,Delayed,Road,Received
SHP000591,PO000591,V006,H001,2025-09-06,2025-09-05,459,451,8,-1,Early,Road,Quality Inspection
SHP000592,PO000592,V006,H005,2025-12-21,2025-12-22,284,284,0,1,Delayed,Road,Quality Inspection
SHP000593,PO000593,V008,H005,2025-03-08,2025-03-11,355,349,6,3,Delayed,Road,Closed
SHP000594,PO000594,V012,H002,2025-01-08,2025-01-07,228,226,2,-1,Early,Air,Closed
SHP000595,PO000595,V011,H001,2025-07-04,2025-07-04,466,462,4,0,Delivered,Air,Closed
SHP000596,PO000596,V011,H005,2023-11-19,2023-11-18,394,392,2,-1,Early,Road,Received
SHP000597,PO000597,V008,H003,2025-05-21,2025-05-23,109,109,0,2,Delayed,Road,Received
SHP000598,PO000598,V002,H001,2023-12-07,2023-12-11,264,260,4,4,Delayed,Road,Quality Inspection
SHP000599,PO000599,V012,H004,2025-12-01,2025-12-05,145,144,1,4,Delayed,Road,Closed
SHP000600,PO000600,V007,H001,2023-03-05,2023-03-05,334,333,1,0,Delivered,Road,Received
SHP000601,PO000601,V003,H004,2023-12-21,2023-12-21,211,208,3,0,Delivered,Road,Quality Inspection
SHP000602,PO000602,V011,H005,2023-12-25,2023-12-23,298,297,1,-2,Early,Road,Quality Inspection
SHP000603,PO000603,V003,H005,2025-03-05,2025-03-10,259,254,5,5,Delayed,Road,Closed
SHP000604,PO000604,V011,H005,2023-08-01,2023-08-06,300,299,1,5,Delayed,Road,Received
SHP000605,PO000605,V004,H003,2025-09-20,2025-09-21,199,199,0,1,Delayed,Road,Closed
SHP000606,PO000606,V004,H003,2023-04-05,2023-04-07,136,135,1,2,Delayed,Road,Quality Inspection
SHP000607,PO000607,V005,H002,2023-08-10,2023-08-09,343,343,0,-1,Early,Road,Closed
SHP000608,PO000608,V006,H003,2024-08-21,2024-08-24,327,321,6,3,Delayed,Road,Closed
SHP000609,PO000609,V009,H003,2025-12-12,2025-12-17,329,328,1,5,Delayed,Air,Received
SHP000610,PO000610,V011,H005,2025-01-26,2025-01-27,202,202,0,1,Delayed,Road,Quality Inspection
SHP000611,PO000611,V006,H003,2025-06-04,2025-06-03,274,274,0,-1,Early,Road,Received
SHP000612,PO000612,V004,H005,2025-09-21,2025-09-22,465,456,9,1,Delayed,Road,Closed
SHP000613,PO000613,V012,H002,2024-12-22,2024-12-26,134,132,2,4,Delayed,Road,Received
SHP000614,PO000614,V003,H005,2023-12-03,2023-12-04,462,462,0,1,Delayed,Road,Closed
SHP000615,PO000615,V004,H004,2023-12-02,2023-12-04,355,353,2,2,Delayed,Road,Closed
SHP000616,PO000616,V006,H004,2023-07-18,2023-07-20,198,196,2,2,Delayed,Air,Closed
SHP000617,PO000617,V008,H002,2025-04-22,2025-04-21,119,118,1,-1,Early,Air,Quality Inspection
SHP000618,PO000618,V006,H005,2024-03-07,2024-03-07,409,407,2,0,Delivered,Road,Closed
SHP000619,PO000619,V011,H002,2023-03-30,2023-04-02,474,471,3,3,Delayed,Road,Closed
SHP000620,PO000620,V002,H001,2024-07-29,2024-08-02,300,299,1,4,Delayed,Road,Quality Inspection
SHP000621,PO000621,V010,H003,2023-06-04,2023-06-08,242,239,3,4,Delayed,Road,Received
SHP000622,PO000622,V011,H004,2024-08-04,2024-08-08,313,308,5,4,Delayed,Road,Quality Inspection
SHP000623,PO000623,V006,H002,2024-01-12,2024-01-17,299,297,2,5,Delayed,Road,Closed
SHP000624,PO000624,V008,H001,2023-09-19,2023-09-18,424,417,7,-1,Early,Road,Closed
SHP000625,PO000625,V003,H005,2024-05-18,2024-05-21,485,484,1,3,Delayed,Road,Quality Inspection
SHP000626,PO000626,V006,H002,2023-09-14,2023-09-15,269,268,1,1,Delayed,Road,Quality Inspection
SHP000627,PO000627,V001,H001,2024-10-15,2024-10-17,222,218,4,2,Delayed,Road,Closed
SHP000628,PO000628,V006,H005,2024-08-29,2024-09-03,453,448,5,5,Delayed,Air,Received
SHP000629,PO000629,V012,H004,2024-01-17,2024-01-15,100,98,2,-2,Early,Road,Quality Inspection
SHP000630,PO000630,V012,H004,2024-02-10,2024-02-08,113,113,0,-2,Early,Road,Received
SHP000631,PO000631,V008,H003,2024-05-06,2024-05-10,153,152,1,4,Delayed,Air,Quality Inspection
SHP000632,PO000632,V004,H004,2023-06-16,2023-06-16,497,493,4,0,Delivered,Road,Quality Inspection
SHP000633,PO000633,V011,H001,2024-10-22,2024-10-24,92,91,1,2,Delayed,Road,Closed
SHP000634,PO000634,V012,H003,2024-04-15,2024-04-15,76,75,1,0,Delivered,Road,Closed
SHP000635,PO000635,V002,H005,2025-11-05,2025-11-06,269,264,5,1,Delayed,Road,Received
SHP000636,PO000636,V003,H004,2025-12-02,2025-11-30,159,156,3,-2,Early,Road,Closed
SHP000637,PO000637,V007,H002,2023-08-20,2023-08-21,315,310,5,1,Delayed,Road,Received
SHP000638,PO000638,V009,H004,2024-05-12,2024-05-15,468,467,1,3,Delayed,Air,Quality Inspection
SHP000639,PO000639,V011,H001,2025-06-02,2025-06-02,294,294,0,0,Delivered,Road,Received
SHP000640,PO000640,V008,H002,2024-08-17,2024-08-16,102,101,1,-1,Early,Road,Quality Inspection
SHP000641,PO000641,V003,H005,2024-07-11,2024-07-11,245,244,1,0,Delivered,Road,Closed
SHP000642,PO000642,V002,H004,2023-01-30,2023-01-30,85,85,0,0,Delivered,Road,Received
SHP000643,PO000643,V002,H003,2024-09-16,2024-09-21,229,228,1,5,Delayed,Road,Received
SHP000644,PO000644,V012,H002,2024-04-02,2024-04-06,365,358,7,4,Delayed,Air,Received
SHP000645,PO000645,V012,H003,2025-01-25,2025-01-24,121,121,0,-1,Early,Road,Quality Inspection
SHP000646,PO000646,V002,H004,2024-02-22,2024-02-25,269,267,2,3,Delayed,Road,Received
SHP000647,PO000647,V006,H001,2023-06-28,2023-06-30,380,379,1,2,Delayed,Road,Closed
SHP000648,PO000648,V012,H002,2024-12-07,2024-12-09,448,448,0,2,Delayed,Air,Closed
SHP000649,PO000649,V011,H002,2024-10-19,2024-10-21,155,154,1,2,Delayed,Road,Quality Inspection
SHP000650,PO000650,V005,H003,2025-07-21,2025-07-19,451,448,3,-2,Early,Road,Received
SHP000651,PO000651,V012,H004,2024-05-11,2024-05-12,305,300,5,1,Delayed,Road,Closed
SHP000652,PO000652,V010,H004,2023-05-25,2023-05-23,234,232,2,-2,Early,Road,Closed
SHP000653,PO000653,V010,H005,2024-07-05,2024-07-09,237,233,4,4,Delayed,Road,Quality Inspection
SHP000654,PO000654,V008,H002,2024-05-06,2024-05-05,58,58,0,-1,Early,Road,Received
SHP000655,PO000655,V009,H004,2023-03-12,2023-03-10,80,79,1,-2,Early,Road,Closed
SHP000656,PO000656,V006,H002,2025-07-18,2025-07-22,266,261,5,4,Delayed,Road,Closed
SHP000657,PO000657,V007,H005,2025-01-06,2025-01-06,192,192,0,0,Delivered,Road,Closed
SHP000658,PO000658,V012,H003,2024-07-02,2024-07-03,463,461,2,1,Delayed,Road,Quality Inspection
SHP000659,PO000659,V007,H003,2024-09-04,2024-09-03,208,205,3,-1,Early,Road,Received
SHP000660,PO000660,V010,H001,2023-02-02,2023-01-31,175,175,0,-2,Early,Air,Received
SHP000661,PO000661,V002,H005,2024-02-01,2024-02-06,363,363,0,5,Delayed,Road,Closed
SHP000662,PO000662,V011,H004,2024-04-11,2024-04-11,111,111,0,0,Delivered,Road,Closed
SHP000663,PO000663,V009,H002,2026-01-06,2026-01-04,133,132,1,-2,Early,Air,Closed
SHP000664,PO000664,V010,H001,2024-08-30,2024-09-01,135,134,1,2,Delayed,Road,Quality Inspection
SHP000665,PO000665,V010,H001,2024-11-01,2024-10-31,444,444,0,-1,Early,Road,Quality Inspection
SHP000666,PO000666,V004,H002,2023-08-04,2023-08-06,318,318,0,2,Delayed,Road,Closed
SHP000667,PO000667,V010,H001,2023-07-18,2023-07-17,304,301,3,-1,Early,Road,Received
SHP000668,PO000668,V007,H001,2025-11-11,2025-11-16,489,480,9,5,Delayed,Road,Received
SHP000669,PO000669,V007,H004,2023-11-21,2023-11-23,445,444,1,2,Delayed,Air,Closed
SHP000670,PO000670,V004,H001,2024-02-04,2024-02-03,166,166,0,-1,Early,Road,Received
SHP000671,PO000671,V009,H002,2025-07-08,2025-07-09,73,72,1,1,Delayed,Road,Received
SHP000672,PO000672,V002,H003,2025-09-05,2025-09-05,489,489,0,0,Delivered,Road,Closed
SHP000673,PO000673,V004,H005,2024-06-08,2024-06-12,164,162,2,4,Delayed,Road,Closed
SHP000674,PO000674,V008,H003,2023-09-11,2023-09-14,188,188,0,3,Delayed,Road,Received
SHP000675,PO000675,V006,H004,2025-04-08,2025-04-06,141,141,0,-2,Early,Air,Received
SHP000676,PO000676,V010,H005,2025-02-13,2025-02-17,85,84,1,4,Delayed,Air,Quality Inspection
SHP000677,PO000677,V007,H005,2023-05-28,2023-05-31,94,93,1,3,Delayed,Road,Received
SHP000678,PO000678,V001,H001,2025-10-03,2025-10-05,338,332,6,2,Delayed,Road,Closed
SHP000679,PO000679,V012,H004,2024-02-16,2024-02-17,287,285,2,1,Delayed,Road,Quality Inspection
SHP000680,PO000680,V005,H002,2025-10-11,2025-10-12,425,417,8,1,Delayed,Road,Received
SHP000681,PO000681,V011,H004,2024-12-28,2024-12-28,53,52,1,0,Delivered,Road,Closed
SHP000682,PO000682,V003,H002,2025-12-28,2025-12-31,375,375,0,3,Delayed,Air,Received
SHP000683,PO000683,V006,H001,2023-01-20,2023-01-24,484,480,4,4,Delayed,Road,Closed
SHP000684,PO000684,V011,H004,2024-11-02,2024-11-03,264,261,3,1,Delayed,Air,Received
SHP000685,PO000685,V004,H005,2024-08-08,2024-08-10,97,97,0,2,Delayed,Air,Closed
SHP000686,PO000686,V008,H004,2023-04-22,2023-04-26,408,403,5,4,Delayed,Road,Closed
SHP000687,PO000687,V001,H004,2023-07-29,2023-07-28,347,347,0,-1,Early,Road,Closed
SHP000688,PO000688,V006,H002,2025-02-07,2025-02-11,88,88,0,4,Delayed,Road,Received
SHP000689,PO000689,V009,H004,2023-06-25,2023-06-26,199,197,2,1,Delayed,Air,Quality Inspection
SHP000690,PO000690,V009,H002,2023-05-12,2023-05-15,212,209,3,3,Delayed,Road,Received
SHP000691,PO000691,V008,H003,2024-04-09,2024-04-10,119,117,2,1,Delayed,Road,Received
SHP000692,PO000692,V005,H003,2024-02-21,2024-02-21,280,277,3,0,Delivered,Road,Received
SHP000693,PO000693,V002,H003,2025-01-13,2025-01-16,444,441,3,3,Delayed,Road,Quality Inspection
SHP000694,PO000694,V002,H003,2025-11-09,2025-11-11,486,485,1,2,Delayed,Road,Closed
SHP000695,PO000695,V004,H004,2024-10-13,2024-10-15,473,464,9,2,Delayed,Road,Quality Inspection
SHP000696,PO000696,V010,H004,2024-05-21,2024-05-21,96,96,0,0,Delivered,Air,Quality Inspection
SHP000697,PO000697,V005,H004,2025-08-05,2025-08-03,396,392,4,-2,Early,Road,Received
SHP000698,PO000698,V004,H002,2025-12-02,2025-11-30,257,254,3,-2,Early,Road,Closed
SHP000699,PO000699,V001,H005,2024-10-13,2024-10-14,98,97,1,1,Delayed,Road,Received
SHP000700,PO000700,V011,H001,2023-04-03,2023-04-02,56,56,0,-1,Early,Air,Received
SHP000701,PO000701,V010,H002,2024-05-06,2024-05-06,151,148,3,0,Delivered,Road,Closed
SHP000702,PO000702,V007,H002,2024-11-20,2024-11-19,348,344,4,-1,Early,Road,Received
SHP000703,PO000703,V002,H001,2023-03-28,2023-03-26,83,83,0,-2,Early,Air,Quality Inspection
SHP000704,PO000704,V007,H004,2025-07-03,2025-07-03,97,96,1,0,Delivered,Road,Quality Inspection
SHP000705,PO000705,V003,H002,2023-04-26,2023-04-24,136,134,2,-2,Early,Road,Closed
SHP000706,PO000706,V007,H002,2025-11-19,2025-11-23,304,304,0,4,Delayed,Road,Quality Inspection
SHP000707,PO000707,V007,H002,2025-11-24,2025-11-24,231,230,1,0,Delivered,Air,Quality Inspection
SHP000708,PO000708,V003,H002,2023-10-03,2023-10-05,278,277,1,2,Delayed,Road,Closed
SHP000709,PO000709,V005,H004,2024-07-12,2024-07-13,381,377,4,1,Delayed,Road,Closed
SHP000710,PO000710,V007,H004,2025-10-06,2025-10-11,81,81,0,5,Delayed,Road,Received
SHP000711,PO000711,V003,H004,2024-05-16,2024-05-20,152,151,1,4,Delayed,Road,Closed
SHP000712,PO000712,V001,H003,2025-05-04,2025-05-02,245,243,2,-2,Early,Road,Quality Inspection
SHP000713,PO000713,V006,H005,2024-10-04,2024-10-07,339,335,4,3,Delayed,Road,Quality Inspection
SHP000714,PO000714,V006,H003,2025-07-09,2025-07-09,63,62,1,0,Delivered,Road,Received
SHP000715,PO000715,V007,H005,2023-09-13,2023-09-15,79,78,1,2,Delayed,Road,Closed
SHP000716,PO000716,V002,H005,2024-12-14,2024-12-15,131,131,0,1,Delayed,Road,Received
SHP000717,PO000717,V012,H001,2024-03-25,2024-03-27,323,317,6,2,Delayed,Road,Closed
SHP000718,PO000718,V008,H004,2025-03-04,2025-03-02,441,438,3,-2,Early,Road,Quality Inspection
SHP000719,PO000719,V010,H003,2023-05-03,2023-05-06,479,477,2,3,Delayed,Road,Closed
SHP000720,PO000720,V010,H002,2023-08-23,2023-08-26,462,457,5,3,Delayed,Air,Received
SHP000721,PO000721,V012,H004,2024-10-24,2024-10-27,340,336,4,3,Delayed,Road,Received
SHP000722,PO000722,V007,H005,2023-04-17,2023-04-22,327,325,2,5,Delayed,Road,Received
SHP000723,PO000723,V006,H005,2024-12-29,2024-12-28,78,78,0,-1,Early,Road,Received
SHP000724,PO000724,V002,H001,2024-06-21,2024-06-26,50,49,1,5,Delayed,Air,Received
SHP000725,PO000725,V009,H004,2024-12-12,2024-12-12,224,223,1,0,Delivered,Air,Quality Inspection
SHP000726,PO000726,V001,H004,2024-05-14,2024-05-12,61,61,0,-2,Early,Road,Received
SHP000727,PO000727,V004,H005,2023-10-03,2023-10-02,483,475,8,-1,Early,Air,Received
SHP000728,PO000728,V006,H005,2024-10-12,2024-10-15,410,404,6,3,Delayed,Road,Quality Inspection
SHP000729,PO000729,V010,H004,2023-06-02,2023-06-04,215,214,1,2,Delayed,Air,Closed
SHP000730,PO000730,V005,H004,2024-11-04,2024-11-08,455,448,7,4,Delayed,Road,Received
SHP000731,PO000731,V012,H004,2024-02-05,2024-02-08,164,163,1,3,Delayed,Road,Closed
SHP000732,PO000732,V011,H004,2024-05-05,2024-05-07,115,115,0,2,Delayed,Road,Closed
SHP000733,PO000733,V008,H001,2025-11-16,2025-11-20,485,476,9,4,Delayed,Road,Closed
SHP000734,PO000734,V003,H001,2023-10-14,2023-10-17,464,455,9,3,Delayed,Road,Closed
SHP000735,PO000735,V007,H004,2025-05-20,2025-05-19,304,303,1,-1,Early,Road,Received
SHP000736,PO000736,V008,H003,2024-11-18,2024-11-19,227,225,2,1,Delayed,Road,Received
SHP000737,PO000737,V005,H002,2024-10-23,2024-10-26,278,278,0,3,Delayed,Road,Received
SHP000738,PO000738,V008,H001,2024-06-09,2024-06-08,229,227,2,-1,Early,Road,Closed
SHP000739,PO000739,V006,H003,2024-09-06,2024-09-04,74,73,1,-2,Early,Road,Quality Inspection
SHP000740,PO000740,V004,H005,2023-12-13,2023-12-13,261,258,3,0,Delivered,Air,Quality Inspection
SHP000741,PO000741,V011,H005,2025-07-29,2025-08-02,101,100,1,4,Delayed,Road,Closed
SHP000742,PO000742,V002,H005,2025-05-06,2025-05-07,133,132,1,1,Delayed,Road,Received
SHP000743,PO000743,V010,H002,2023-07-18,2023-07-20,60,59,1,2,Delayed,Road,Received
SHP000744,PO000744,V008,H004,2023-07-28,2023-07-27,225,224,1,-1,Early,Air,Received
SHP000745,PO000745,V009,H001,2025-02-26,2025-02-25,330,330,0,-1,Early,Road,Closed
SHP000746,PO000746,V006,H001,2023-11-11,2023-11-16,410,410,0,5,Delayed,Road,Closed
SHP000747,PO000747,V007,H003,2024-01-31,2024-01-31,360,354,6,0,Delivered,Road,Received
SHP000748,PO000748,V003,H003,2025-08-02,2025-08-05,155,154,1,3,Delayed,Road,Closed
SHP000749,PO000749,V004,H001,2024-03-26,2024-03-28,388,384,4,2,Delayed,Road,Received
SHP000750,PO000750,V012,H003,2024-08-08,2024-08-06,251,247,4,-2,Early,Road,Quality Inspection
SHP000751,PO000751,V011,H003,2023-11-09,2023-11-09,77,76,1,0,Delivered,Road,Received
SHP000752,PO000752,V008,H002,2025-05-25,2025-05-27,471,462,9,2,Delayed,Road,Received
SHP000753,PO000753,V001,H005,2025-01-14,2025-01-12,155,154,1,-2,Early,Road,Received
SHP000754,PO000754,V006,H005,2025-06-12,2025-06-17,482,481,1,5,Delayed,Road,Quality Inspection
SHP000755,PO000755,V005,H004,2026-01-05,2026-01-10,300,295,5,5,Delayed,Road,Closed
SHP000756,PO000756,V009,H001,2025-12-31,2026-01-04,144,143,1,4,Delayed,Air,Quality Inspection
SHP000757,PO000757,V011,H004,2024-10-25,2024-10-25,278,278,0,0,Delivered,Road,Quality Inspection
SHP000758,PO000758,V010,H005,2025-10-19,2025-10-21,165,163,2,2,Delayed,Road,Received
SHP000759,PO000759,V012,H002,2023-09-16,2023-09-15,93,92,1,-1,Early,Air,Quality Inspection
SHP000760,PO000760,V001,H002,2025-05-04,2025-05-05,333,333,0,1,Delayed,Air,Closed
SHP000761,PO000761,V002,H004,2024-02-27,2024-03-02,324,319,5,4,Delayed,Air,Quality Inspection
SHP000762,PO000762,V005,H001,2023-09-12,2023-09-13,293,291,2,1,Delayed,Road,Closed
SHP000763,PO000763,V010,H002,2024-02-16,2024-02-14,307,303,4,-2,Early,Air,Closed
SHP000764,PO000764,V003,H002,2023-10-11,2023-10-11,111,110,1,0,Delivered,Road,Received
SHP000765,PO000765,V012,H005,2025-05-13,2025-05-14,463,460,3,1,Delayed,Road,Quality Inspection
SHP000766,PO000766,V004,H004,2024-03-08,2024-03-07,399,393,6,-1,Early,Road,Closed
SHP000767,PO000767,V006,H005,2024-12-13,2024-12-13,477,468,9,0,Delivered,Road,Closed
SHP000768,PO000768,V011,H001,2024-10-08,2024-10-07,94,93,1,-1,Early,Road,Closed
SHP000769,PO000769,V008,H003,2025-02-22,2025-02-25,488,484,4,3,Delayed,Road,Received
SHP000770,PO000770,V005,H005,2025-02-26,2025-03-02,107,106,1,4,Delayed,Road,Closed
SHP000771,PO000771,V007,H003,2025-11-15,2025-11-14,104,102,2,-1,Early,Road,Quality Inspection
SHP000772,PO000772,V012,H003,2023-11-06,2023-11-09,499,493,6,3,Delayed,Road,Closed
SHP000773,PO000773,V005,H005,2025-12-26,2025-12-31,342,338,4,5,Delayed,Road,Received
SHP000774,PO000774,V007,H004,2025-09-08,2025-09-10,256,255,1,2,Delayed,Road,Closed
SHP000775,PO000775,V012,H001,2024-10-17,2024-10-21,69,68,1,4,Delayed,Air,Quality Inspection
SHP000776,PO000776,V005,H005,2025-07-13,2025-07-14,75,74,1,1,Delayed,Air,Quality Inspection
SHP000777,PO000777,V010,H004,2025-12-02,2025-11-30,222,220,2,-2,Early,Road,Quality Inspection
SHP000778,PO000778,V012,H004,2023-11-02,2023-11-01,494,491,3,-1,Early,Road,Closed
SHP000779,PO000779,V010,H001,2023-04-28,2023-05-03,446,441,5,5,Delayed,Road,Quality Inspection
SHP000780,PO000780,V011,H004,2025-03-11,2025-03-10,146,145,1,-1,Early,Road,Quality Inspection
SHP000781,PO000781,V010,H004,2024-10-15,2024-10-20,438,430,8,5,Delayed,Air,Received
SHP000782,PO000782,V009,H005,2023-10-09,2023-10-09,83,82,1,0,Delivered,Road,Quality Inspection
SHP000783,PO000783,V011,H004,2024-05-04,2024-05-04,449,441,8,0,Delivered,Air,Received
SHP000784,PO000784,V010,H001,2024-01-25,2024-01-25,148,148,0,0,Delivered,Air,Received
SHP000785,PO000785,V003,H005,2023-08-25,2023-08-23,283,283,0,-2,Early,Air,Closed
SHP000786,PO000786,V007,H005,2023-10-13,2023-10-14,190,188,2,1,Delayed,Air,Closed
SHP000787,PO000787,V002,H002,2024-09-20,2024-09-24,375,374,1,4,Delayed,Road,Received
SHP000788,PO000788,V003,H004,2025-09-19,2025-09-22,300,296,4,3,Delayed,Road,Quality Inspection
SHP000789,PO000789,V003,H005,2024-12-06,2024-12-09,226,225,1,3,Delayed,Air,Quality Inspection
SHP000790,PO000790,V003,H001,2025-08-11,2025-08-10,195,195,0,-1,Early,Road,Received
SHP000791,PO000791,V005,H005,2023-09-01,2023-09-02,488,485,3,1,Delayed,Road,Closed
SHP000792,PO000792,V011,H002,2024-04-05,2024-04-06,187,184,3,1,Delayed,Road,Closed
SHP000793,PO000793,V005,H002,2025-03-30,2025-03-28,292,291,1,-2,Early,Road,Closed
SHP000794,PO000794,V010,H005,2024-09-29,2024-09-27,164,162,2,-2,Early,Road,Quality Inspection
SHP000795,PO000795,V009,H004,2024-09-06,2024-09-08,266,263,3,2,Delayed,Air,Quality Inspection
SHP000796,PO000796,V011,H003,2023-08-28,2023-08-30,161,158,3,2,Delayed,Road,Closed
SHP000797,PO000797,V007,H002,2025-03-19,2025-03-23,349,349,0,4,Delayed,Road,Closed
SHP000798,PO000798,V001,H002,2023-10-19,2023-10-22,337,332,5,3,Delayed,Road,Quality Inspection
SHP000799,PO000799,V010,H004,2023-09-29,2023-10-01,400,399,1,2,Delayed,Road,Quality Inspection
SHP000800,PO000800,V001,H002,2025-06-20,2025-06-22,377,372,5,2,Delayed,Air,Quality Inspection
SHP000801,PO000801,V003,H002,2025-05-26,2025-05-28,146,146,0,2,Delayed,Road,Received
SHP000802,PO000802,V010,H003,2025-01-11,2025-01-09,462,453,9,-2,Early,Road,Quality Inspection
SHP000803,PO000803,V002,H003,2025-11-03,2025-11-03,419,419,0,0,Delivered,Road,Quality Inspection
SHP000804,PO000804,V011,H005,2025-10-01,2025-10-03,264,261,3,2,Delayed,Road,Received
SHP000805,PO000805,V001,H001,2025-12-21,2025-12-22,225,224,1,1,Delayed,Road,Closed
SHP000806,PO000806,V007,H004,2025-09-19,2025-09-24,393,388,5,5,Delayed,Road,Received
SHP000807,PO000807,V011,H001,2025-09-02,2025-09-02,200,200,0,0,Delivered,Road,Closed
SHP000808,PO000808,V008,H004,2024-09-17,2024-09-19,421,413,8,2,Delayed,Road,Received
SHP000809,PO000809,V004,H004,2023-05-12,2023-05-15,385,384,1,3,Delayed,Road,Received
SHP000810,PO000810,V004,H004,2024-08-16,2024-08-18,265,263,2,2,Delayed,Road,Closed
SHP000811,PO000811,V011,H001,2023-10-14,2023-10-16,287,287,0,2,Delayed,Road,Closed
SHP000812,PO000812,V010,H001,2023-11-20,2023-11-19,291,290,1,-1,Early,Road,Closed
SHP000813,PO000813,V006,H003,2024-01-24,2024-01-28,321,319,2,4,Delayed,Road,Received
SHP000814,PO000814,V002,H001,2025-05-05,2025-05-05,152,150,2,0,Delivered,Road,Closed
SHP000815,PO000815,V008,H005,2024-12-29,2025-01-03,123,122,1,5,Delayed,Air,Received
SHP000816,PO000816,V007,H003,2025-09-27,2025-09-26,299,297,2,-1,Early,Road,Received
SHP000817,PO000817,V012,H004,2025-03-25,2025-03-28,374,374,0,3,Delayed,Road,Quality Inspection
SHP000818,PO000818,V011,H003,2024-08-29,2024-08-30,439,437,2,1,Delayed,Road,Received
SHP000819,PO000819,V004,H002,2025-12-30,2026-01-04,452,451,1,5,Delayed,Road,Quality Inspection
SHP000820,PO000820,V007,H004,2024-08-01,2024-08-05,256,253,3,4,Delayed,Air,Quality Inspection
SHP000821,PO000821,V001,H005,2024-05-17,2024-05-15,69,69,0,-2,Early,Road,Received
SHP000822,PO000822,V011,H002,2023-02-06,2023-02-09,437,429,8,3,Delayed,Road,Closed
SHP000823,PO000823,V009,H002,2025-01-01,2024-12-30,370,367,3,-2,Early,Road,Quality Inspection
SHP000824,PO000824,V012,H003,2023-05-13,2023-05-15,116,116,0,2,Delayed,Road,Closed
SHP000825,PO000825,V011,H001,2025-02-23,2025-02-25,135,135,0,2,Delayed,Air,Quality Inspection
SHP000826,PO000826,V007,H002,2023-06-30,2023-07-02,283,278,5,2,Delayed,Road,Closed
SHP000827,PO000827,V005,H003,2023-12-19,2023-12-22,272,267,5,3,Delayed,Air,Quality Inspection
SHP000828,PO000828,V011,H005,2024-06-27,2024-07-02,233,232,1,5,Delayed,Road,Quality Inspection
SHP000829,PO000829,V003,H001,2024-01-06,2024-01-04,166,165,1,-2,Early,Road,Received
SHP000830,PO000830,V009,H003,2023-08-18,2023-08-19,425,425,0,1,Delayed,Road,Received
SHP000831,PO000831,V011,H004,2025-07-17,2025-07-16,237,237,0,-1,Early,Road,Closed
SHP000832,PO000832,V008,H005,2025-04-01,2025-04-03,444,436,8,2,Delayed,Road,Closed
SHP000833,PO000833,V009,H003,2025-12-03,2025-12-01,388,387,1,-2,Early,Road,Received
SHP000834,PO000834,V010,H001,2023-01-21,2023-01-19,403,402,1,-2,Early,Road,Quality Inspection
SHP000835,PO000835,V008,H001,2024-10-04,2024-10-03,330,328,2,-1,Early,Road,Received
SHP000836,PO000836,V007,H002,2026-01-24,2026-01-25,405,405,0,1,Delayed,Road,Closed
SHP000837,PO000837,V005,H004,2024-01-18,2024-01-17,389,385,4,-1,Early,Road,Closed
SHP000838,PO000838,V011,H001,2025-01-20,2025-01-20,264,264,0,0,Delivered,Road,Closed
SHP000839,PO000839,V006,H001,2023-04-02,2023-04-01,194,194,0,-1,Early,Road,Quality Inspection
SHP000840,PO000840,V004,H005,2025-03-13,2025-03-14,361,358,3,1,Delayed,Road,Closed
SHP000841,PO000841,V003,H002,2023-03-22,2023-03-23,233,230,3,1,Delayed,Road,Received
SHP000842,PO000842,V006,H005,2023-09-18,2023-09-23,156,153,3,5,Delayed,Road,Received
SHP000843,PO000843,V010,H002,2023-06-11,2023-06-09,393,392,1,-2,Early,Air,Closed
SHP000844,PO000844,V004,H003,2024-05-18,2024-05-23,126,126,0,5,Delayed,Road,Received
SHP000845,PO000845,V011,H001,2025-08-07,2025-08-06,181,180,1,-1,Early,Road,Quality Inspection
SHP000846,PO000846,V007,H005,2024-03-16,2024-03-18,287,287,0,2,Delayed,Road,Received
SHP000847,PO000847,V010,H003,2023-10-23,2023-10-21,486,482,4,-2,Early,Road,Closed
SHP000848,PO000848,V010,H001,2023-09-19,2023-09-22,268,263,5,3,Delayed,Road,Received
SHP000849,PO000849,V011,H002,2025-07-02,2025-06-30,486,484,2,-2,Early,Road,Received
SHP000850,PO000850,V010,H004,2023-02-16,2023-02-19,233,230,3,3,Delayed,Air,Quality Inspection
SHP000851,PO000851,V009,H002,2025-05-14,2025-05-13,240,238,2,-1,Early,Road,Quality Inspection
SHP000852,PO000852,V009,H002,2025-05-05,2025-05-09,283,281,2,4,Delayed,Air,Closed
SHP000853,PO000853,V005,H003,2023-07-21,2023-07-26,459,453,6,5,Delayed,Road,Received
SHP000854,PO000854,V005,H001,2023-09-19,2023-09-18,117,115,2,-1,Early,Road,Received
SHP000855,PO000855,V004,H003,2024-07-26,2024-07-25,263,259,4,-1,Early,Road,Closed
SHP000856,PO000856,V010,H002,2024-01-11,2024-01-16,142,140,2,5,Delayed,Road,Quality Inspection
SHP000857,PO000857,V006,H002,2025-06-27,2025-06-25,491,489,2,-2,Early,Road,Quality Inspection
SHP000858,PO000858,V007,H003,2023-08-27,2023-08-26,260,257,3,-1,Early,Road,Quality Inspection
SHP000859,PO000859,V009,H003,2023-06-07,2023-06-10,56,56,0,3,Delayed,Air,Closed
SHP000860,PO000860,V012,H004,2024-11-14,2024-11-17,315,311,4,3,Delayed,Road,Closed
SHP000861,PO000861,V008,H004,2024-03-07,2024-03-06,271,266,5,-1,Early,Road,Quality Inspection
SHP000862,PO000862,V002,H001,2025-06-21,2025-06-24,389,383,6,3,Delayed,Road,Closed
SHP000863,PO000863,V007,H004,2023-11-01,2023-10-30,55,55,0,-2,Early,Road,Quality Inspection
SHP000864,PO000864,V010,H003,2024-12-02,2024-12-07,495,493,2,5,Delayed,Road,Quality Inspection
SHP000865,PO000865,V004,H005,2023-08-22,2023-08-25,173,171,2,3,Delayed,Air,Received
SHP000866,PO000866,V010,H003,2024-09-10,2024-09-11,331,326,5,1,Delayed,Road,Received
SHP000867,PO000867,V004,H003,2025-04-29,2025-04-28,285,282,3,-1,Early,Air,Quality Inspection
SHP000868,PO000868,V012,H002,2023-02-15,2023-02-14,488,481,7,-1,Early,Road,Received
SHP000869,PO000869,V006,H001,2023-01-29,2023-02-03,431,431,0,5,Delayed,Road,Quality Inspection
SHP000870,PO000870,V002,H004,2026-01-02,2025-12-31,335,331,4,-2,Early,Road,Received
SHP000871,PO000871,V008,H003,2024-05-29,2024-05-31,310,306,4,2,Delayed,Road,Closed
SHP000872,PO000872,V004,H002,2025-01-10,2025-01-15,224,222,2,5,Delayed,Air,Received
SHP000873,PO000873,V010,H002,2024-09-30,2024-10-05,219,215,4,5,Delayed,Road,Closed
SHP000874,PO000874,V004,H003,2025-08-13,2025-08-18,416,411,5,5,Delayed,Road,Received
SHP000875,PO000875,V011,H005,2023-01-18,2023-01-17,438,435,3,-1,Early,Road,Quality Inspection
SHP000876,PO000876,V005,H001,2025-06-12,2025-06-14,330,326,4,2,Delayed,Road,Received
SHP000877,PO000877,V007,H002,2025-12-15,2025-12-13,134,133,1,-2,Early,Road,Closed
SHP000878,PO000878,V011,H005,2025-02-02,2025-02-06,104,103,1,4,Delayed,Road,Received
SHP000879,PO000879,V011,H001,2023-10-26,2023-10-25,486,480,6,-1,Early,Road,Received
SHP000880,PO000880,V012,H002,2024-04-22,2024-04-25,105,104,1,3,Delayed,Road,Closed
SHP000881,PO000881,V008,H004,2023-05-14,2023-05-13,445,438,7,-1,Early,Road,Closed
SHP000882,PO000882,V004,H002,2025-12-31,2025-12-31,305,305,0,0,Delivered,Road,Received
SHP000883,PO000883,V007,H003,2025-08-20,2025-08-24,479,470,9,4,Delayed,Road,Closed
SHP000884,PO000884,V011,H003,2023-08-27,2023-08-27,404,402,2,0,Delivered,Road,Received
SHP000885,PO000885,V009,H004,2024-03-06,2024-03-05,248,244,4,-1,Early,Road,Quality Inspection
SHP000886,PO000886,V011,H002,2024-12-26,2024-12-30,264,260,4,4,Delayed,Air,Received
SHP000887,PO000887,V002,H002,2023-05-19,2023-05-21,253,251,2,2,Delayed,Air,Quality Inspection
SHP000888,PO000888,V012,H002,2024-11-15,2024-11-15,120,119,1,0,Delivered,Road,Closed
SHP000889,PO000889,V007,H003,2024-01-12,2024-01-14,481,473,8,2,Delayed,Air,Closed
SHP000890,PO000890,V001,H004,2023-11-07,2023-11-08,152,151,1,1,Delayed,Road,Quality Inspection
SHP000891,PO000891,V001,H002,2024-01-16,2024-01-19,394,392,2,3,Delayed,Air,Closed
SHP000892,PO000892,V007,H002,2023-10-12,2023-10-12,307,303,4,0,Delivered,Road,Quality Inspection
SHP000893,PO000893,V009,H001,2024-12-17,2024-12-16,439,434,5,-1,Early,Road,Closed
SHP000894,PO000894,V006,H002,2023-09-24,2023-09-28,395,391,4,4,Delayed,Air,Quality Inspection
SHP000895,PO000895,V004,H003,2023-11-22,2023-11-20,317,317,0,-2,Early,Road,Received
SHP000896,PO000896,V007,H004,2023-11-23,2023-11-21,393,393,0,-2,Early,Road,Received
SHP000897,PO000897,V009,H001,2023-10-25,2023-10-27,399,395,4,2,Delayed,Road,Received
SHP000898,PO000898,V008,H004,2025-01-23,2025-01-25,154,154,0,2,Delayed,Road,Quality Inspection
SHP000899,PO000899,V005,H005,2024-08-13,2024-08-12,365,362,3,-1,Early,Road,Closed
SHP000900,PO000900,V003,H003,2025-11-19,2025-11-23,171,169,2,4,Delayed,Road,Received
SHP000901,PO000901,V002,H005,2025-04-04,2025-04-08,248,245,3,4,Delayed,Air,Closed
SHP000902,PO000902,V004,H003,2024-12-13,2024-12-16,332,332,0,3,Delayed,Road,Quality Inspection
SHP000903,PO000903,V010,H002,2025-07-12,2025-07-13,367,360,7,1,Delayed,Air,Closed
SHP000904,PO000904,V010,H004,2023-10-27,2023-10-30,436,428,8,3,Delayed,Road,Received
SHP000905,PO000905,V004,H001,2025-02-14,2025-02-15,200,197,3,1,Delayed,Road,Closed
SHP000906,PO000906,V007,H005,2024-01-19,2024-01-18,145,145,0,-1,Early,Road,Received
SHP000907,PO000907,V008,H001,2025-10-23,2025-10-27,70,69,1,4,Delayed,Road,Quality Inspection
SHP000908,PO000908,V008,H001,2023-03-18,2023-03-18,132,130,2,0,Delivered,Air,Received
SHP000909,PO000909,V001,H005,2024-08-19,2024-08-22,288,283,5,3,Delayed,Air,Received
SHP000910,PO000910,V007,H004,2023-09-27,2023-09-27,215,211,4,0,Delivered,Road,Closed
SHP000911,PO000911,V004,H001,2025-06-18,2025-06-20,301,295,6,2,Delayed,Road,Quality Inspection
SHP000912,PO000912,V002,H002,2024-06-25,2024-06-24,451,446,5,-1,Early,Road,Received
SHP000913,PO000913,V004,H002,2023-12-07,2023-12-06,452,444,8,-1,Early,Road,Closed
SHP000914,PO000914,V012,H002,2024-09-01,2024-09-05,97,96,1,4,Delayed,Road,Received
SHP000915,PO000915,V008,H004,2023-12-31,2024-01-03,219,217,2,3,Delayed,Road,Closed
SHP000916,PO000916,V009,H003,2023-07-28,2023-08-02,337,331,6,5,Delayed,Road,Closed
SHP000917,PO000917,V009,H004,2025-10-02,2025-09-30,108,106,2,-2,Early,Road,Received
SHP000918,PO000918,V010,H003,2024-02-04,2024-02-05,70,69,1,1,Delayed,Road,Received
SHP000919,PO000919,V003,H003,2023-02-10,2023-02-14,181,179,2,4,Delayed,Road,Closed
SHP000920,PO000920,V002,H003,2025-12-17,2025-12-20,313,307,6,3,Delayed,Road,Quality Inspection
SHP000921,PO000921,V007,H003,2023-10-16,2023-10-14,201,200,1,-2,Early,Road,Received
SHP000922,PO000922,V002,H003,2025-05-30,2025-05-29,135,133,2,-1,Early,Road,Closed
SHP000923,PO000923,V012,H005,2024-02-23,2024-02-22,157,156,1,-1,Early,Air,Quality Inspection
SHP000924,PO000924,V005,H003,2023-09-22,2023-09-21,155,152,3,-1,Early,Road,Received
SHP000925,PO000925,V001,H004,2023-09-18,2023-09-18,62,61,1,0,Delivered,Road,Received
SHP000926,PO000926,V003,H003,2023-10-31,2023-10-30,87,87,0,-1,Early,Road,Quality Inspection
SHP000927,PO000927,V007,H001,2023-08-16,2023-08-15,344,338,6,-1,Early,Road,Quality Inspection
SHP000928,PO000928,V002,H005,2023-01-19,2023-01-23,248,245,3,4,Delayed,Road,Quality Inspection
SHP000929,PO000929,V008,H002,2024-02-06,2024-02-09,58,57,1,3,Delayed,Road,Closed
SHP000930,PO000930,V002,H005,2024-03-24,2024-03-22,378,377,1,-2,Early,Road,Closed
SHP000931,PO000931,V002,H003,2025-08-22,2025-08-20,408,407,1,-2,Early,Road,Closed
SHP000932,PO000932,V011,H005,2023-07-03,2023-07-02,198,196,2,-1,Early,Road,Quality Inspection
SHP000933,PO000933,V011,H003,2025-07-13,2025-07-18,245,242,3,5,Delayed,Air,Received
SHP000934,PO000934,V006,H005,2023-06-10,2023-06-15,130,128,2,5,Delayed,Road,Closed
SHP000935,PO000935,V005,H001,2025-04-12,2025-04-16,457,449,8,4,Delayed,Road,Closed
SHP000936,PO000936,V007,H001,2024-01-06,2024-01-06,202,200,2,0,Delivered,Air,Received
SHP000937,PO000937,V010,H005,2024-05-05,2024-05-05,113,113,0,0,Delivered,Road,Closed
SHP000938,PO000938,V005,H005,2025-01-20,2025-01-24,325,321,4,4,Delayed,Air,Quality Inspection
SHP000939,PO000939,V004,H005,2023-08-16,2023-08-17,433,428,5,1,Delayed,Road,Closed
SHP000940,PO000940,V010,H001,2023-08-06,2023-08-06,132,132,0,0,Delivered,Road,Quality Inspection
SHP000941,PO000941,V010,H005,2024-11-14,2024-11-15,108,108,0,1,Delayed,Road,Closed
SHP000942,PO000942,V005,H003,2025-09-02,2025-08-31,485,477,8,-2,Early,Road,Closed
SHP000943,PO000943,V003,H001,2023-02-11,2023-02-10,198,198,0,-1,Early,Road,Received
SHP000944,PO000944,V012,H005,2025-07-11,2025-07-16,219,217,2,5,Delayed,Road,Closed
SHP000945,PO000945,V010,H002,2025-10-17,2025-10-18,101,100,1,1,Delayed,Road,Received
SHP000946,PO000946,V001,H004,2025-10-08,2025-10-11,298,295,3,3,Delayed,Road,Closed
SHP000947,PO000947,V003,H004,2024-06-28,2024-06-30,405,403,2,2,Delayed,Road,Quality Inspection
SHP000948,PO000948,V004,H002,2023-05-12,2023-05-15,269,268,1,3,Delayed,Road,Received
SHP000949,PO000949,V006,H003,2024-12-17,2024-12-18,414,408,6,1,Delayed,Road,Quality Inspection
SHP000950,PO000950,V009,H004,2025-01-01,2025-01-01,397,392,5,0,Delivered,Air,Quality Inspection
SHP000951,PO000951,V010,H002,2023-05-29,2023-06-03,233,231,2,5,Delayed,Road,Received
SHP000952,PO000952,V001,H004,2025-08-08,2025-08-08,380,379,1,0,Delivered,Air,Received
SHP000953,PO000953,V012,H004,2024-10-26,2024-10-27,184,184,0,1,Delayed,Road,Received
SHP000954,PO000954,V002,H002,2024-03-07,2024-03-05,466,457,9,-2,Early,Road,Closed
SHP000955,PO000955,V008,H001,2024-09-27,2024-09-28,68,67,1,1,Delayed,Road,Closed
SHP000956,PO000956,V007,H004,2024-09-05,2024-09-10,384,382,2,5,Delayed,Road,Received
SHP000957,PO000957,V002,H003,2023-07-18,2023-07-20,118,117,1,2,Delayed,Road,Received
SHP000958,PO000958,V010,H004,2024-03-19,2024-03-23,236,232,4,4,Delayed,Road,Received
SHP000959,PO000959,V003,H004,2024-10-08,2024-10-08,437,429,8,0,Delivered,Road,Received
SHP000960,PO000960,V003,H005,2023-02-13,2023-02-13,339,335,4,0,Delivered,Road,Received
SHP000961,PO000961,V001,H005,2026-01-03,2026-01-08,233,233,0,5,Delayed,Road,Quality Inspection
SHP000962,PO000962,V003,H005,2024-05-12,2024-05-13,82,81,1,1,Delayed,Road,Received
SHP000963,PO000963,V012,H001,2025-05-10,2025-05-11,315,309,6,1,Delayed,Road,Quality Inspection
SHP000964,PO000964,V003,H005,2024-05-08,2024-05-13,73,73,0,5,Delayed,Air,Quality Inspection
SHP000965,PO000965,V006,H005,2025-10-09,2025-10-08,410,402,8,-1,Early,Road,Quality Inspection
SHP000966,PO000966,V004,H004,2024-07-18,2024-07-20,346,342,4,2,Delayed,Road,Quality Inspection
SHP000967,PO000967,V004,H004,2023-04-03,2023-04-07,237,233,4,4,Delayed,Road,Received
SHP000968,PO000968,V001,H003,2024-09-09,2024-09-11,242,241,1,2,Delayed,Road,Quality Inspection
SHP000969,PO000969,V001,H001,2023-10-22,2023-10-25,299,296,3,3,Delayed,Air,Received
SHP000970,PO000970,V004,H003,2025-10-19,2025-10-19,275,274,1,0,Delivered,Road,Closed
SHP000971,PO000971,V009,H001,2025-03-21,2025-03-23,158,157,1,2,Delayed,Road,Quality Inspection
SHP000972,PO000972,V007,H001,2024-08-10,2024-08-09,388,385,3,-1,Early,Road,Quality Inspection
SHP000973,PO000973,V006,H005,2026-01-15,2026-01-14,296,291,5,-1,Early,Road,Received
SHP000974,PO000974,V004,H002,2024-07-28,2024-07-28,381,375,6,0,Delivered,Road,Received
SHP000975,PO000975,V006,H004,2023-03-31,2023-03-31,343,339,4,0,Delivered,Road,Closed
SHP000976,PO000976,V008,H005,2023-09-29,2023-09-27,343,342,1,-2,Early,Road,Quality Inspection
SHP000977,PO000977,V011,H005,2024-09-23,2024-09-23,314,311,3,0,Delivered,Road,Closed
SHP000978,PO000978,V003,H002,2024-10-16,2024-10-14,499,495,4,-2,Early,Air,Received
SHP000979,PO000979,V008,H002,2025-05-17,2025-05-22,360,353,7,5,Delayed,Air,Received
SHP000980,PO000980,V001,H004,2024-12-28,2024-12-29,475,469,6,1,Delayed,Road,Closed
SHP000981,PO000981,V010,H005,2025-07-11,2025-07-11,369,365,4,0,Delivered,Road,Closed
SHP000982,PO000982,V011,H002,2023-07-03,2023-07-06,282,278,4,3,Delayed,Road,Received
SHP000983,PO000983,V007,H003,2024-11-10,2024-11-14,247,246,1,4,Delayed,Road,Received
SHP000984,PO000984,V008,H002,2024-08-22,2024-08-26,473,471,2,4,Delayed,Road,Received
SHP000985,PO000985,V004,H005,2024-04-10,2024-04-15,364,364,0,5,Delayed,Air,Closed
SHP000986,PO000986,V008,H004,2025-08-27,2025-08-26,97,96,1,-1,Early,Road,Closed
SHP000987,PO000987,V001,H003,2025-06-04,2025-06-02,446,440,6,-2,Early,Road,Quality Inspection
SHP000988,PO000988,V006,H001,2023-02-16,2023-02-14,407,399,8,-2,Early,Road,Quality Inspection
SHP000989,PO000989,V004,H002,2024-02-01,2024-02-05,229,225,4,4,Delayed,Air,Closed
SHP000990,PO000990,V007,H001,2024-03-24,2024-03-23,267,266,1,-1,Early,Road,Received
SHP000991,PO000991,V005,H001,2025-05-07,2025-05-06,195,192,3,-1,Early,Road,Received
SHP000992,PO000992,V007,H003,2024-06-17,2024-06-15,345,341,4,-2,Early,Road,Received
SHP000993,PO000993,V002,H005,2025-04-04,2025-04-08,385,382,3,4,Delayed,Road,Quality Inspection
SHP000994,PO000994,V006,H001,2023-08-02,2023-08-06,235,235,0,4,Delayed,Road,Closed
SHP000995,PO000995,V012,H003,2023-04-20,2023-04-22,183,180,3,2,Delayed,Road,Closed
SHP000996,PO000996,V001,H003,2025-02-05,2025-02-07,398,392,6,2,Delayed,Road,Quality Inspection
SHP000997,PO000997,V010,H004,2024-12-09,2024-12-14,141,140,1,5,Delayed,Road,Quality Inspection
SHP000998,PO000998,V006,H005,2024-07-05,2024-07-07,207,203,4,2,Delayed,Road,Closed
SHP000999,PO000999,V010,H003,2025-01-22,2025-01-26,426,424,2,4,Delayed,Air,Closed
SHP001000,PO001000,V004,H003,2025-06-17,2025-06-16,432,429,3,-1,Early,Road,Closed
